BldgDmgFnID,Occupancy,Source,Description,m4,m3,m2,m1,p0,p1,p2,p3,p4,p5,p6,p7,p8,p9,p10,p11,p12,p13,p14,p15,p16,p17,p18,p19,p20,p21,p22,p23,p24,Comment
105,RES1,FIA,"one floor, no basement, Structure, A-Zone",0,0,0,0,18,22,25,28,30,31,40,43,43,45,46,47,47,49,50,50,50,51,51,52,52,53,53,54,54,NULL
106,RES1,FIA (MOD.),"one floor, w/ basement, Structure, A-Zone",7,7,7,11,17,21,29,34,38,43,50,50,54,55,55,57,58,60,62,63,65,67,69,70,72,74,76,77,79,NULL
107,RES1,FIA,"two floors, no basement, Structure, A-Zone",0,0,0,0,11,12,14,18,20,22,24,26,30,34,38,39,40,42,43,44,45,47,48,49,50,52,53,54,56,NULL
108,RES1,FIA (MOD.),"two floors, w/ basement, Structure, A-Zone",4,4,8,14,19,21,26,29,34,39,44,50,55,57,59,61,63,65,66,68,69,71,72,74,75,77,79,80,82,NULL
109,RES1,FIA,"three or more floors, no basement, Structure, A-Zone",0,0,0,0,5,8,12,17,19,22,24,25,30,35,38,39,40,42,43,44,45,47,48,49,50,52,53,54,56,NULL
110,RES1,FIA (MOD.),"three or more floors, w/ basement, Structure, A-Zone",3,3,6,10,12,14,20,25,31,36,38,41,44,48,50,52,54,56,57,59,61,63,65,67,69,71,73,75,77,NULL
111,RES1,FIA,"split level, no basement, Structure, A-Zone",0,0,0,0,3,9,13,25,27,28,33,34,41,43,45,46,47,48,49,50,51,52,53,54,55,56,57,58,59,NULL
112,RES1,FIA (MOD.),"split level, w/ basement, Structure, A-Zone",6,6,9,14,15,24,27,30,35,40,43,44,52,56,58,60,62,64,66,68,70,72,74,76,78,81,83,85,87,NULL
113,RES1,FIA,"one floor, no basement, Structure, V-Zone",0,0,0,0,8,10,14,26,28,29,41,43,44,45,46,47,48,49,50,51,52,53,54,55,56,57,58,59,60,NULL
114,RES1,FIA (MOD.),"one floor, w/ basement, Structure, V-Zone",7,7,10,14,17,21,29,34,38,43,47,52,53,54,55,56,57,58,59,60,61,62,63,64,65,66,67,68,69,NULL
115,RES1,FIA,"two floors, no basement, Structure, V-Zone",0,0,0,0,5,9,13,18,20,22,24,26,30,34,38,40,42,44,46,48,50,52,54,56,58,60,62,64,66,NULL
116,RES1,FIA (MOD.),"two floors, w/ basement, Structure, V-Zone",4,4,8,14,17,24,26,29,34,39,44,50,55,57,59,61,63,65,67,69,71,73,75,77,79,81,83,85,87,NULL
117,RES1,FIA,"three or more floors, no basement, Structure, V-Zone",0,0,0,0,4,8,12,17,19,22,24,25,30,35,38,40,42,44,46,48,50,52,54,56,58,60,62,64,66,NULL
118,RES1,FIA (MOD.),"three or more floors, w/ basement, Structure, V-Zone",3,3,6,10,11,14,20,25,31,36,38,41,44,47,50,52,54,56,58,60,62,64,66,68,70,72,74,76,78,NULL
119,RES1,FIA,"split level, no basement, Structure, V-Zone",0,0,0,0,3,9,13,25,27,28,32,37,41,43,45,47,49,51,53,55,57,59,61,63,65,67,69,71,73,NULL
120,RES1,FIA (MOD.),"split level, w/ basement, Structure, V-Zone",6,6,6,14,15,24,27,30,35,41,44,48,52,57,59,61,63,65,67,69,71,73,75,77,79,81,83,85,87,NULL
121,RES1,FIA,"one floor, w/ basement, Structure, A-Zone",0,0,0,0,6,10,18,23,27,32,39,39,43,44,44,46,47,48,49,50,51,52,53,54,55,56,57,58,59,NULL
122,RES1,FIA,"two floors, w/ basement, Structure,  A-Zone",0,0,4,8,13,15,20,23,27,32,37,43,48,51,53,55,57,59,60,61,62,63,64,65,66,67,68,69,70,NULL
123,RES1,FIA,"three or more floors, w/ basement, Structure, A-Zone",0,0,3,5,7,9,15,20,26,31,33,36,39,43,45,46,47,48,49,50,51,52,53,54,55,56,57,58,59,NULL
124,RES1,FIA,"split level, w/ basement, Structure, A-Zone",0,0,3,5,6,16,19,22,27,32,35,36,44,48,50,52,54,56,58,59,60,61,62,63,64,65,66,67,68,NULL
125,RES1,FIA,"one floor, w/ basement, Structure, V-Zone",0,0,0,0,6,10,18,23,27,32,39,39,43,44,44,46,47,48,49,50,51,52,53,54,55,56,57,58,59,NULL
126,RES1,FIA,"two floors, w/ basement, Structure, V-Zone",0,0,4,8,11,18,20,23,28,33,38,44,49,51,53,55,57,59,60,61,62,63,64,65,66,67,68,69,70,NULL
127,RES1,FIA,"three or more floors, w/ basement, Structure, V-Zone",0,0,3,5,6,9,15,20,26,31,33,36,39,42,45,46,47,48,49,50,51,52,53,54,55,56,57,58,59,NULL
128,RES1,FIA,"split level, w/ basement, Structure, V-Zone",0,0,0,5,6,16,19,22,27,32,35,42,48,50,52,54,56,58,59,60,61,62,63,64,65,66,67,68,69,NULL
129,RES1,USACE - IWR,"one story, no basement, Structure",0,0,0,3,13,23,32,40,47,53,59,63,67,71,73,75,77,79,80,81,81,82,82,83,83,83,84,84,84,NULL
130,RES1,USACE - IWR,"two or more stories, no basement, Structure",0,0,0,3,9,15,21,26,31,36,41,45,49,52,56,59,61,64,66,68,69,70,71,72,73,74,74,75,75,NULL
131,RES1,USACE - IWR,"split level, no basement, Structure",0,0,0,6,7,9,13,17,23,29,36,42,49,56,63,69,74,78,82,84,85,85,86,86,87,87,88,88,89,NULL
132,RES1,USACE - Chicago,"one story, no basement, Structure",0,0,0,0,15,16,25,28,29,31,40,43,43,45,46,47,47,49,50,51,52,53,54,55,56,57,58,59,60,NULL
133,RES1,USACE - Chicago,"one story, w/ basement, Structure",0,0,4,8,12,15,20,23,28,33,37,43,48,51,53,55,57,59,61,63,65,67,69,71,73,75,77,79,81,NULL
134,RES1,USACE - Chicago,"split level, no basement, Structure",0,0,0,0,3,9,13,25,27,28,33,34,41,43,45,46,47,48,49,50,51,52,53,54,55,56,57,58,59,NULL
135,RES1,USACE - Chicago,"split level, w/ basement, Structure",0,0,3,5,6,16,19,22,27,32,35,36,44,48,50,52,54,56,58,60,62,64,66,68,70,72,74,76,78,NULL
136,RES1,USACE - Chicago,"two story, no basement, Structure",0,0,0,0,8,10,13,18,20,22,24,26,30,34,38,40,42,44,45,46,47,48,49,50,51,52,53,54,55,NULL
137,RES1,USACE - Chicago,"two story, w/ basement, Structure",0,0,3,5,7,11,17,22,28,33,35,38,40,44,46,48,50,52,54,56,58,60,62,64,66,68,70,72,74,NULL
138,RES1,USACE - Galveston,"one & 1/2 story, no basement, Structure",0,0,0,0,10,28,35,41,43,46,48,49,50,50,50,51,51,52,53,55,57,58,60,62,64,66,68,70,72,NULL
139,RES1,USACE - Galveston,"one story, no basement, Structure",0,0,0,0,10,21,27,32,37,43,46,50,54,58,60,63,67,70,74,79,82,83,84,85,86,87,88,89,90,NULL
140,RES1,USACE - Galveston,"two story, no basement, Structure",0,0,0,0,5,21,27,31,34,37,39,40,40,42,44,47,49,52,55,58,60,62,65,67,69,71,73,75,77,NULL
141,RES1,USACE - New Orleans,"one story, Pier foundation, structure, fresh water, short duration",0,0,0,1,12,42,48,53,54,73,73,73,73,78,78,80,80,80,80,80,80,80,80,80,80,80,80,80,80,NULL
142,RES1,USACE - New Orleans,"one story, Pier foundation, structure, fresh water, long duration",0,0,0,1,12,42,67,71,71,79,79,79,79,82,82,82,82,82,82,82,82,82,82,82,82,82,82,82,82,NULL
143,RES1,USACE - New Orleans,"one story, Slab foundation, structure, fresh water, short duration",0,0,0,0,1,22,28,31,33,48,48,48,48,56,56,58,58,58,58,58,58,58,58,58,58,58,58,58,58,NULL
144,RES1,USACE - New Orleans,"one story, Slab foundation, structure, fresh water, long duration",0,0,0,0,1,22,39,42,44,48,48,48,48,56,56,58,58,58,58,58,58,58,58,58,58,58,58,58,58,NULL
145,RES1,USACE - New Orleans,"one story, Pier foundation, structure, salt water, short duration",0,0,0,1,13,46,53,58,59,80,80,80,80,86,86,88,88,88,88,88,88,88,88,88,88,88,88,88,88,NULL
146,RES1,USACE - New Orleans,"one story, Pier foundation, structure, salt water, long duration",0,0,0,1,15,50,70,71,98,98,98,98,98,98,98,98,98,98,98,98,98,98,98,98,98,98,98,98,98,NULL
147,RES1,USACE - New Orleans,"one story, Slab foundation, structure, salt water, short duration",0,0,0,0,1,23,31,35,36,53,53,53,53,62,62,64,64,64,64,64,64,64,64,64,64,64,64,64,64,NULL
148,RES1,USACE - New Orleans,"one story, Slab foundation, structure, salt water, long duration",0,0,0,0,1,23,42,45,92,92,92,92,92,92,92,92,92,92,92,92,92,92,92,92,92,92,92,92,92,NULL
149,RES1,USACE - New Orleans,"one story, Structure,  fresh water, short duration",0,0,0,0,0,42,58,78,84,87,89,89,89,89,89,89,89,89,89,89,89,89,89,89,89,89,89,89,89,NULL
150,RES1,USACE - New Orleans,"one story, Structure,  fresh water, long duration",0,0,0,0,0,83,89,93,94,95,95,95,95,95,95,95,95,95,95,95,95,95,95,95,95,95,95,95,95,NULL
151,RES1,USACE - New Orleans,"one story, Structure, salt water, short duration",0,0,0,0,0,50,66,81,86,90,91,95,95,95,95,95,95,95,95,95,95,95,95,95,95,95,95,95,95,NULL
152,RES1,USACE - New Orleans,"one story, Structure, salt water, long duration",0,0,0,0,0,95,95,95,98,98,98,98,98,98,98,98,98,98,98,98,98,98,98,98,98,98,98,98,98,NULL
153,RES1,USACE - New Orleans,"one story, Pier foundation, structure, fresh water, short duration",0,0,0,4,21,42,52,53,57,67,67,67,67,74,74,84,84,84,84,84,84,84,84,84,84,84,84,84,84,NULL
154,RES1,USACE - New Orleans,"one story, Slab foundation, structure, fresh water, short duration",0,0,0,0,4,34,40,41,47,59,59,59,59,70,70,82,82,82,82,82,82,82,82,82,82,82,82,82,82,NULL
155,RES1,USACE - New Orleans,"one story, Pier foundation, structure, salt water, long duration",0,0,0,4,21,62,66,66,69,72,72,72,72,84,84,84,84,84,84,84,84,84,84,84,84,84,84,84,84,NULL
156,RES1,USACE - New Orleans,"one story, Slab foundation, structure, salt water, long duration",0,0,0,0,7,56,59,59,63,66,66,66,66,82,82,82,82,82,82,82,82,82,82,82,82,82,82,82,82,NULL
157,RES1,USACE - New Orleans,"two story, Pier foundation, structure, fresh water, short duration",0,0,0,1,6,18,22,23,29,36,36,36,39,42,46,55,55,68,68,68,68,68,68,68,68,68,68,68,68,NULL
158,RES1,USACE - New Orleans,"two story, Pier foundation, structure, fresh water, long duration",0,0,0,1,6,18,32,33,36,40,40,40,42,42,56,59,59,71,71,71,71,71,71,71,71,71,71,71,71,NULL
159,RES1,USACE - New Orleans,"two story, Slab foundation, structure, fresh water, short duration",0,0,0,0,1,15,19,21,22,34,34,34,35,38,40,48,51,57,57,57,57,57,57,57,57,57,57,57,57,NULL
160,RES1,USACE - New Orleans,"two story, Slab foundation, structure, fresh water, long duration",0,0,0,0,1,15,27,29,29,35,35,35,35,38,47,51,53,57,57,57,57,57,57,57,57,57,57,57,57,NULL
161,RES1,USACE - New Orleans,"two story, Pier foundation, structure, salt water, short duration",0,0,0,1,6,19,25,25,31,39,39,39,43,46,51,60,60,75,75,75,75,75,75,75,75,75,75,75,75,NULL
162,RES1,USACE - New Orleans,"two story, Pier foundation, structure, salt  water, long duration",0,0,0,1,6,19,33,33,93,93,93,93,93,93,94,94,94,97,97,97,97,97,97,97,97,97,97,97,97,NULL
163,RES1,USACE - New Orleans,"two story, Slab foundation, structure, salt water, short duration",0,0,0,0,1,16,21,23,25,38,38,38,39,41,44,52,57,62,62,62,62,62,62,62,62,62,62,62,62,NULL
164,RES1,USACE - New Orleans,"two story, Slab foundation, structure, salt water, long duration",0,0,0,0,1,16,27,29,80,80,80,80,80,80,80,80,80,83,83,83,83,83,83,83,83,83,83,83,83,NULL
165,RES1,USACE - New Orleans,"two story, Structure, fresh water, short duration",0,0,0,0,0,38,50,67,73,76,78,78,78,78,78,86,88,91,92,92,92,92,92,92,92,92,92,92,92,NULL
166,RES1,USACE - New Orleans,"two story, Structure,  fresh water, long duration",0,0,0,0,0,67,73,76,78,78,78,78,78,78,78,91,92,92,92,92,92,92,92,92,92,92,92,92,92,NULL
167,RES1,USACE - New Orleans,"two story, Structure, salt water, short duration",0,0,0,0,0,45,57,70,75,79,80,83,83,83,83,91,94,98,98,99,99,99,99,99,99,99,99,99,99,NULL
168,RES1,USACE - New Orleans,"two story, Structure,  salt water, long duration",0,0,0,0,0,70,75,79,80,83,83,83,83,83,83,98,98,99,99,99,99,99,99,99,99,99,99,99,99,NULL
169,RES1,USACE - New Orleans,"two story, Pier foundation, structure, fresh water, short duration",0,0,0,4,12,25,33,34,36,42,42,42,42,53,62,66,66,67,71,71,71,71,71,71,71,71,71,71,71,NULL
170,RES1,USACE - New Orleans,"two story, Slab foundation, structure, fresh water, long  duration",0,0,0,0,3,25,29,30,33,40,40,40,40,48,55,58,58,60,64,64,64,64,64,64,64,64,64,64,64,NULL
171,RES1,USACE - New Orleans,"two story, Pier foundation, structure, salt  water, short duration",0,0,0,4,18,54,55,55,57,60,60,60,60,63,71,73,74,74,74,74,74,74,74,74,74,74,74,74,74,NULL
172,RES1,USACE - New Orleans,"two story, Slab foundation, structure, salt water, long duration",0,0,0,0,5,44,46,50,52,52,52,52,52,56,66,68,68,70,70,70,70,70,70,70,70,70,70,70,70,NULL
173,RES1,USACE - St. Paul,"one story, Structure",0,0,0,0,11,32,39,41,46,51,54,54,59,59,59,59,59,59,59,59,59,59,59,59,59,59,59,59,59,NULL
174,RES1,USACE - St. Paul,"two story, Structure",0,0,0,0,6,18,20,22,25,27,29,29,32,36,45,45,45,47,49,49,49,49,49,49,49,49,49,49,49,NULL
175,RES1,USACE - Wilmington,"one & 1/2 story, Pile foundation, structure",3,4,4,4,8,11,19,28,30,34,36,37,39,41,43,45,46,47,49,50,51,53,55,57,60,73,87,100,100,NULL
176,RES1,USACE - Wilmington,"one & 1/2 story, Structure",1,1,1,1,8,11,18,22,25,29,32,34,37,39,42,44,45,47,48,50,51,53,55,57,60,65,70,75,75,NULL
177,RES1,USACE - Wilmington,"one & 1/2 story w/ 1/2 living area below, Structure",0,0,0,0,1,3,4,6,8,9,11,13,15,21,27,35,37,41,43,46,49,51,53,55,57,71,86,100,100,NULL
178,RES1,USACE - Wilmington,"one story, Pile foundation, structure",4,4,5,6,9,14,23,36,39,46,47,49,50,52,54,58,62,66,70,74,80,81,83,84,85,90,95,100,100,NULL
179,RES1,USACE - Wilmington,"one story, Structure",1,1,1,1,9,14,23,28,32,36,39,43,46,49,52,56,60,64,68,73,80,81,83,84,85,85,85,85,85,NULL
180,RES1,USACE - Wilmington,"one story w/ 1/2 living area below, Structure",0,0,1,1,1,4,6,8,10,12,14,17,20,21,32,42,45,49,53,57,61,63,64,66,68,78,89,100,100,NULL
181,RES1,USACE - Wilmington,"one story w/ basement, Structure",4,4,5,8,10,14,22,26,28,33,37,41,45,49,54,57,60,63,69,74,80,84,84,85,85,90,95,100,100,NULL
182,RES1,USACE - Wilmington,"split level, Structure",0,0,0,0,3,5,7,11,16,20,25,29,34,38,43,47,51,54,58,62,67,69,72,75,78,80,82,84,84,NULL
183,RES1,USACE - Wilmington,"two story, Pile foundation, structure",3,3,3,4,7,9,15,23,25,29,31,32,34,35,37,40,44,48,51,55,57,60,62,65,68,78,89,100,100,NULL
184,RES1,USACE - Wilmington,"two story, Structure",0,0,1,1,7,9,15,18,22,25,27,29,32,34,36,40,43,47,50,54,57,60,62,65,68,71,74,77,77,NULL
185,RES1,USACE - Wilmington,"two story w/ 1/2 living area below, Structure",0,0,0,0,0,2,4,5,7,8,10,10,13,16,21,26,32,36,38,41,43,45,48,51,55,70,85,100,100,NULL
189,RES2,FIA,"Mobile home, structure, A-Zone",0,0,0,0,11,44,63,73,78,79,81,82,83,84,85,86,88,89,90,91,92,94,95,96,97,98,99,100,100,NULL
190,RES2,FIA,"Mobile home, structure, V-Zone",0,0,0,0,8,45,64,74,79,80,81,82,83,84,85,86,87,88,89,90,91,92,93,94,95,96,97,98,99,NULL
191,RES2,USACE - Chicago,"Mobile Home, structure",0,0,0,0,10,44,63,73,78,80,81,82,82,82,82,82,82,82,82,82,82,82,82,82,82,82,82,82,82,NULL
192,RES2,USACE - Galveston,"Mobile Home, structure",0,0,0,0,14,19,31,54,93,96,96,97,97,97,98,98,98,98,98,98,98,98,98,98,98,98,98,98,98,NULL
193,RES2,USACE - New Orleans,"Mobile Home, structure, fresh water, short duration",0,0,0,6,10,45,46,46,50,66,66,66,66,66,66,66,66,66,66,66,66,66,66,66,66,66,66,66,66,NULL
194,RES2,USACE - New Orleans,"Mobile Home, structure, fresh water, long duration",0,0,0,6,10,45,46,97,97,97,97,97,97,97,97,97,97,97,97,97,97,97,97,97,97,97,97,97,97,NULL
195,RES2,USACE - New Orleans,"Mobile Home, structure, salt water, short duration",0,0,0,6,10,45,47,47,51,67,67,67,67,67,67,67,67,67,67,67,67,67,67,67,67,67,67,67,67,NULL
196,RES2,USACE - New Orleans,"Mobile Home, structure, salt water, long duration",0,0,0,6,10,45,98,98,98,98,98,98,98,98,98,98,98,98,98,98,98,98,98,98,98,98,98,98,98,NULL
197,RES2,USACE - New Orleans,"Mobile Home, structure, fresh water, short duration",0,0,0,0,0,38,56,69,80,90,90,90,90,90,90,90,90,90,90,90,90,90,90,90,90,90,90,90,90,NULL
198,RES2,USACE - New Orleans,"Mobile Home, structure, fresh water, long duration",0,0,0,0,0,85,95,99,99,99,99,99,99,99,99,99,99,99,99,99,99,99,99,99,99,99,99,99,99,NULL
199,RES2,USACE - New Orleans,"Mobile Home, structure, salt water, short duration",0,0,0,0,0,45,64,71,82,92,92,96,96,96,96,96,96,96,96,96,96,96,96,96,96,96,96,96,96,NULL
200,RES2,USACE - New Orleans,"Mobile Home, structure, salt water, long duration",0,0,0,0,0,96,98,99,100,100,100,100,100,100,100,100,100,100,100,100,100,100,100,100,100,100,100,100,100,NULL
201,RES2,USACE - New Orleans,"Mobile Home, structure, fresh water, short duration",0,0,0,1,17,45,49,49,52,57,58,58,63,63,63,63,63,63,63,63,63,63,63,63,63,63,63,63,63,NULL
202,RES2,USACE - New Orleans,"Mobile Home, structure, salt water, long duration",0,0,0,12,32,64,66,66,66,66,66,66,63,63,63,63,63,63,63,63,63,63,63,63,63,63,63,63,63,NULL
203,RES2,USACE - Wilmington,"Mobile Home, structure",1,1,2,3,8,27,42,60,93,96,96,97,97,97,98,98,98,98,99,99,99,99,99,99,100,100,100,100,100,NULL
204,RES3,USACE - Chicago,"Apartment Unit Grade, Structure",0,0,0,0,15,16,25,28,29,31,40,43,43,45,46,47,47,49,50,51,52,53,54,55,56,57,58,59,60,NULL
205,RES3,USACE - Chicago,"Apartment Unit Sub-Grade, Structure",0,0,4,8,12,15,20,23,28,33,37,43,48,51,53,55,57,59,60,61,62,63,64,65,66,67,68,69,70,NULL
206,RES3,USACE - Galveston,"Apartment, living area on one floor, Structure",0,0,0,0,5,18,25,30,34,38,41,43,46,48,50,52,54,55,57,59,59,60,63,65,66,67,68,69,70,NULL
207,RES3,USACE - Galveston,"Condominium, living area on multiple floors, Structure",0,0,0,0,5,28,29,31,36,37,39,40,41,42,44,46,48,52,55,58,61,64,68,69,70,71,72,73,74,NULL
208,RES3,USACE - Wilmington,"Apartments, Structure",10,11,12,14,15,20,21,23,25,29,32,35,38,42,46,51,55,58,61,65,70,74,78,83,87,91,96,100,100,NULL
209,RES4,USACE - Galveston,"Average Hotel & Motel, structure",0,0,0,0,0,3,5,6,7,9,12,14,18,21,26,31,36,41,46,50,54,58,62,66,70,74,78,82,86,NULL
210,RES4,USACE - Galveston,"Hotel, structure",0,0,0,0,0,1,2,2,2,3,5,6,9,11,15,18,22,26,30,34,39,43,48,53,58,63,68,73,78,NULL
211,RES4,USACE - Galveston,"Motel Unit, structure",0,0,0,0,0,4,7,10,12,15,18,22,26,31,37,43,50,56,61,65,69,72,76,79,82,85,88,91,94,NULL
212,RES4,USACE - Wilmington,"Hotel, structure",0,0,0,0,11,21,30,37,42,47,51,56,61,66,70,75,79,84,88,92,96,100,100,100,100,100,100,100,100,NULL
213,RES4,USACE - Wilmington,"Motel, structure",0,0,0,0,10,16,21,28,36,46,54,63,70,73,75,77,79,81,83,85,87,89,91,93,95,97,99,100,100,NULL
214,RES5,USACE - Galveston,"Nursing Home, structure",0,0,0,0,0,7,10,14,15,15,16,18,20,23,26,30,34,38,42,47,52,57,62,67,72,77,82,87,92,RES6 default
215,RES6,USACE - Galveston,"Nursing Home, structure",0,0,0,0,0,7,10,14,15,15,16,18,20,23,26,30,34,38,42,47,52,57,62,67,72,77,82,87,92,NULL
216,RES6,USACE - Wilmington,"Rest Home, structure",0,0,0,0,12,21,27,34,41,49,55,62,68,73,78,83,88,93,98,100,100,100,100,100,100,100,100,100,100,NULL
217,COM1,USACE - Galveston,"Average Retail, Structure",0,0,0,0,1,9,14,16,18,20,23,26,30,34,38,42,47,51,55,58,61,64,67,69,71,74,76,78,80,NULL
218,COM1,USACE - Galveston,"Antique, structure",0,0,0,0,0,17,17,18,19,21,23,25,28,32,35,39,43,47,52,56,61,65,70,75,80,85,90,95,100,NULL
219,COM1,USACE - Galveston,"Auto Dealer Big, structure",0,0,0,0,0,17,17,18,19,21,23,25,28,32,35,39,43,49,52,56,61,65,70,75,80,85,90,95,100,NULL
220,COM1,USACE - Galveston,"Bait Stand, structure",0,0,0,0,0,1,2,5,8,12,17,22,28,36,43,50,58,66,75,83,92,100,100,100,100,100,100,100,100,NULL
221,COM1,USACE - Galveston,"Bakery, structure",0,0,0,0,12,17,21,25,28,31,34,36,38,41,43,45,47,48,50,52,54,55,57,59,61,63,65,67,69,NULL
222,COM1,USACE - Galveston,"Boat Sales/Service, structure",0,0,0,0,14,20,32,33,34,36,38,42,50,56,60,63,67,70,73,76,78,81,84,86,88,90,92,94,96,NULL
223,COM1,USACE - Galveston,"Book Store, structure",0,0,0,0,0,2,3,5,8,10,12,15,17,20,23,27,31,35,40,45,50,55,60,66,71,76,81,86,91,NULL
224,COM1,USACE - Galveston,"Camera Store, structure",0,0,0,0,0,3,7,7,7,9,11,14,17,20,23,26,30,33,37,40,44,48,52,57,61,65,69,73,77,NULL
225,COM1,USACE - Galveston,"Carpet and Paint Shop, structure",0,0,0,0,0,0,60,60,60,60,60,60,60,60,60,60,80,80,80,80,80,80,80,80,80,80,80,80,80,NULL
226,COM1,USACE - Galveston,"Clothing-Mens, structure",0,0,0,0,0,8,10,11,13,15,18,21,24,28,32,37,41,46,51,56,61,66,71,76,81,86,91,96,100,NULL
227,COM1,USACE - Galveston,"Crafts, structure",0,0,0,0,0,20,22,24,26,27,28,29,30,40,50,50,50,50,50,50,50,50,50,50,50,50,50,50,50,NULL
228,COM1,USACE - Galveston,"Drug Store, structure",0,0,0,0,0,1,5,5,5,7,8,11,14,18,22,27,33,38,45,51,57,63,68,73,78,83,88,93,98,NULL
229,COM1,USACE - Galveston,"Fabric Store, structure",0,0,0,0,0,15,20,30,35,40,45,50,60,70,80,85,90,95,100,100,100,100,100,100,100,100,100,100,100,NULL
230,COM1,USACE - Galveston,"Feed Store, structure",0,0,0,0,0,20,24,28,32,34,36,38,40,42,44,46,48,50,50,50,50,50,50,50,50,50,50,50,50,NULL
231,COM1,USACE - Galveston,"Flea Market, structure",0,0,0,0,1,2,2,3,4,4,4,4,4,4,4,4,4,4,4,4,4,4,4,4,4,4,4,4,4,NULL
232,COM1,USACE - Galveston,"Florist, structure",0,0,0,0,0,7,7,8,9,11,13,16,19,22,26,30,34,38,42,46,51,55,60,64,68,72,76,80,84,NULL
233,COM1,USACE - Galveston,"Fruit Stand, structure",0,0,0,0,0,1,2,5,8,12,17,22,28,36,43,50,58,66,75,83,92,100,100,100,100,100,100,100,100,NULL
234,COM1,USACE - Galveston,"Large Furniture, structure",0,0,0,0,0,2,4,4,5,6,7,9,11,14,17,21,25,29,33,37,42,46,51,55,59,63,67,71,75,NULL
235,COM1,USACE - Galveston,"Gas/Butane Supply, structure",0,0,0,0,17,17,17,17,23,32,45,55,61,66,69,73,76,78,80,82,85,86,87,89,91,93,95,97,99,NULL
236,COM1,USACE - Galveston,"Gift Shop, structure",0,0,0,0,0,5,8,9,9,9,11,14,18,24,31,40,50,58,64,69,73,77,80,83,86,89,92,95,98,NULL
237,COM1,USACE - Galveston,"Greenhouse, structure",0,0,0,0,0,5,11,16,21,26,31,37,42,47,52,56,61,65,70,74,78,81,84,87,90,93,96,99,100,NULL
238,COM1,USACE - Galveston,"Small Grocery, structure",0,0,0,0,0,20,22,24,26,28,30,32,34,36,38,39,40,43,47,50,50,50,50,50,50,50,50,50,50,NULL
239,COM1,USACE - Galveston,"Medium Grocery, structure",0,0,0,0,0,3,4,5,6,7,10,14,20,29,37,44,50,55,59,63,67,71,75,78,82,86,90,94,98,NULL
240,COM1,USACE - Galveston,"Gun Shop, structure",0,0,0,0,0,10,10,10,11,12,13,14,16,18,20,22,25,29,34,41,50,58,63,68,73,78,83,88,93,NULL
241,COM1,USACE - Galveston,"Hardware, structure",0,0,0,0,0,12,12,12,12,12,12,14,15,18,21,25,30,35,40,46,52,58,64,70,76,82,88,94,100,NULL
242,COM1,USACE - Galveston,"Hobby Shop, structure",0,0,0,0,0,18,20,20,20,20,20,22,27,33,39,44,49,53,58,62,66,69,73,77,81,85,89,93,97,NULL
243,COM1,USACE - Galveston,"Lawnmower, structure",0,0,0,0,0,12,13,15,16,17,18,21,25,30,35,42,50,57,63,67,72,75,79,82,85,88,91,94,97,NULL
244,COM1,USACE - Galveston,"Liquor Store, structure",0,0,0,0,0,1,1,2,2,3,5,6,8,11,16,22,29,39,50,60,67,72,77,80,83,86,89,92,95,NULL
245,COM1,USACE - Galveston,"Meat Market, structure",0,0,0,0,0,10,10,10,11,12,14,17,23,31,38,44,50,55,61,66,71,75,79,83,87,91,95,99,100,NULL
246,COM1,USACE - Galveston,"Motorcycle Dealer, structure",0,0,0,0,0,20,25,30,35,40,45,50,60,70,80,80,80,80,80,80,80,80,80,80,80,80,80,80,80,NULL
247,COM1,USACE - Galveston,"Music Center, structure",0,0,0,0,5,10,13,14,15,15,15,16,18,23,27,37,50,59,66,71,75,78,82,84,86,88,90,92,94,NULL
248,COM1,USACE - Galveston,"Nursery, structure",0,0,0,0,2,2,3,6,10,15,22,27,32,37,41,46,50,54,58,62,65,69,73,77,81,85,89,93,97,NULL
249,COM1,USACE - Galveston,"Paint Store, structure",0,0,0,0,0,0,30,37,43,55,60,67,75,80,83,86,90,90,90,90,90,90,90,90,90,90,90,90,90,NULL
250,COM1,USACE - Galveston,"Pawn Shop, structure",0,0,0,0,0,20,30,33,36,39,42,45,47,50,50,50,60,60,60,60,60,60,60,60,60,60,60,60,60,NULL
251,COM1,USACE - Galveston,"Remnant Shop, structure",0,0,0,0,0,0,15,15,20,25,30,35,40,45,50,55,65,75,80,80,80,80,80,80,80,80,80,80,80,NULL
252,COM1,USACE - Galveston,"Service Station, structure",0,0,0,0,0,0,1,3,5,7,10,13,16,19,23,27,33,38,49,60,69,76,82,86,90,94,98,100,100,NULL
253,COM1,USACE - Galveston,"Shoe Repair, structure",0,0,0,0,0,3,6,9,12,15,18,21,24,27,30,33,36,39,40,45,50,50,50,50,50,50,50,50,50,NULL
254,COM1,USACE - Galveston,"Toy Store, structure",0,0,0,0,0,8,9,10,12,15,17,18,18,19,20,23,26,29,33,38,43,49,55,61,67,73,79,85,91,NULL
255,COM1,USACE - Galveston,"Tractor Sales, structure",0,0,0,0,0,9,13,18,21,22,23,24,25,25,25,26,27,28,29,29,30,31,31,32,33,34,35,36,37,NULL
256,COM1,USACE - Galveston,"Trophy Shop, structure",0,0,0,0,0,8,9,10,12,15,17,18,18,19,20,23,29,33,38,43,49,55,61,67,73,79,85,91,97,NULL
257,COM1,USACE - Galveston,"Upholstery Shop, structure",0,0,0,0,0,10,10,10,11,12,13,14,15,20,30,30,30,30,30,30,30,30,30,30,30,30,30,30,30,NULL
258,COM1,USACE - Galveston,"Used Appliances/Cloth, structure",0,0,0,0,0,10,12,14,16,18,20,23,26,30,40,45,55,55,55,55,55,55,55,55,55,55,55,55,55,NULL
259,COM1,USACE - Galveston,"Used Furniture, structure",0,0,0,0,0,0,20,24,28,32,36,40,44,48,50,50,55,55,60,60,60,60,60,60,60,60,60,60,60,NULL
260,COM1,USACE - Galveston,"Vacuum Cleaner Sales, structure",0,0,0,0,0,10,15,20,25,30,33,36,40,50,55,60,60,60,60,60,60,60,60,60,60,60,60,60,60,NULL
261,COM1,USACE - Galveston,"Video Games, structure",0,0,0,0,0,0,0,2,5,10,10,15,15,20,20,25,25,35,35,45,45,45,45,45,45,45,45,45,45,NULL
262,COM1,USACE - Wilmington,"Appliances, structure",0,0,0,0,5,14,23,32,38,44,51,56,60,63,66,68,71,73,75,77,79,81,83,85,87,89,91,93,95,NULL
263,COM1,USACE - Wilmington,"Auto Dealership, structure",0,0,0,0,4,6,9,14,20,29,43,58,68,73,78,82,87,91,94,97,100,100,100,100,100,100,100,100,100,NULL
264,COM1,USACE - Wilmington,"Bait Stand, structure",0,0,0,0,6,10,12,16,23,37,54,74,83,87,90,92,93,93,94,95,96,97,98,99,100,100,100,100,100,NULL
265,COM1,USACE - Wilmington,"Book Store, structure",0,0,0,0,9,17,24,29,36,48,61,75,84,86,87,89,91,92,92,93,94,95,96,97,98,99,100,100,100,NULL
266,COM1,USACE - Wilmington,"Clothing, structure",0,0,0,0,5,19,43,60,66,72,77,83,87,90,91,93,94,95,96,97,98,99,100,100,100,100,100,100,100,NULL
267,COM1,USACE - Wilmington,"Department Store, structure",0,0,0,0,15,20,29,37,44,50,55,62,67,71,75,79,84,88,97,100,100,100,100,100,100,100,100,100,100,NULL
268,COM1,USACE - Wilmington,"Drug, Super, structure",0,0,0,0,5,18,36,50,57,64,70,78,83,85,86,86,88,89,90,91,92,93,94,95,96,97,98,99,100,NULL
269,COM1,USACE - Wilmington,"Furniture, structure",0,0,0,0,15,25,34,40,44,47,50,52,55,59,62,65,68,71,74,77,80,83,86,89,92,95,98,100,100,NULL
270,COM1,USACE - Wilmington,"Hardware, structure",0,0,0,0,4,10,19,25,29,33,37,42,47,51,55,59,64,68,72,76,80,84,88,92,96,100,100,100,100,NULL
271,COM1,USACE - Wilmington,"Liquor, structure",0,0,0,0,8,13,17,21,25,29,35,40,46,51,56,60,65,70,74,78,82,86,90,94,98,100,100,100,100,NULL
272,COM1,USACE - Wilmington,"Drive thru market, structure",0,0,0,0,2,14,26,38,50,60,71,83,91,95,97,98,98,99,100,100,100,100,100,100,100,100,100,100,100,NULL
273,COM1,USACE - Wilmington,"Supermarket, structure",0,0,0,0,6,19,35,48,56,64,72,80,86,90,90,91,92,93,94,95,96,97,98,99,100,100,100,100,100,NULL
274,COM1,USACE - Wilmington,"Service Station, structure",0,0,0,0,7,13,21,28,33,37,42,47,52,57,61,66,71,75,80,84,88,92,96,100,100,100,100,100,100,NULL
275,COM1,USACE - Wilmington,"Variety Store, structure",0,0,0,0,5,11,18,24,30,35,39,43,48,53,57,57,66,70,75,79,83,87,91,95,99,100,100,100,100,NULL
276,COM1,USACE - New Orleans,"Bakery, structure, salt water, long duration",0,0,0,0,0,100,100,100,100,100,100,100,100,100,100,100,100,100,100,100,100,100,100,100,100,100,100,100,100,NULL
277,COM1,USACE - New Orleans,"Bakery, structure, salt water, short duration",0,0,0,0,0,30,87,95,99,100,100,100,100,100,100,100,100,100,100,100,100,100,100,100,100,100,100,100,100,NULL
278,COM1,USACE - New Orleans,"Bakery, structure, fresh water, long duration",0,0,0,0,0,92,92,94,95,95,96,96,96,96,96,96,96,96,96,96,96,96,96,96,96,96,96,96,96,NULL
279,COM1,USACE - New Orleans,"Bakery, structure, fresh water, short duration",0,0,0,0,0,27,79,87,90,96,96,96,96,96,96,96,96,96,96,96,96,96,96,96,96,96,96,96,96,NULL
280,COM1,USACE - New Orleans,"Bakery, structure, composite water & duration",0,0,0,0,0,39,54,66,79,92,97,98,100,100,100,100,100,100,100,100,100,100,100,100,100,100,100,100,100,NULL
281,COM1,USACE - New Orleans,"Candy Store, structure, salt water, long duration",0,0,0,0,0,100,100,100,100,100,100,100,100,100,100,100,100,100,100,100,100,100,100,100,100,100,100,100,100,NULL
282,COM1,USACE - New Orleans,"Candy Store, structure, salt water, short duration",0,0,0,0,0,30,87,95,99,100,100,100,100,100,100,100,100,100,100,100,100,100,100,100,100,100,100,100,100,NULL
283,COM1,USACE - New Orleans,"Candy Store, structure, fresh water, long duration",0,0,0,0,0,92,92,94,95,95,96,96,96,96,96,96,96,96,96,96,96,96,96,96,96,96,96,96,96,NULL
284,COM1,USACE - New Orleans,"Candy Store, structure, fresh water, short duration",0,0,0,0,0,27,79,87,90,96,96,96,96,96,96,96,96,96,96,96,96,96,96,96,96,96,96,96,96,NULL
285,COM1,USACE - New Orleans,"Candy Store, structure, composite water & duration",0,0,0,0,0,39,54,66,79,92,97,98,100,100,100,100,100,100,100,100,100,100,100,100,100,100,100,100,100,NULL
286,COM1,USACE - New Orleans,"Clothing Store, structure, salt water, long duration",0,0,0,0,0,61,75,85,95,100,100,100,100,100,100,100,100,100,100,100,100,100,100,100,100,100,100,100,100,NULL
287,COM1,USACE - New Orleans,"Clothing Store, structure, salt water, short duration",0,0,0,0,0,25,61,75,85,95,100,100,100,100,100,100,100,100,100,100,100,100,100,100,100,100,100,100,100,NULL
288,COM1,USACE - New Orleans,"Clothing Store, structure, fresh water, long duration",0,0,0,0,0,55,69,77,86,94,94,94,94,97,97,97,97,97,97,97,97,97,97,97,97,97,97,97,97,NULL
289,COM1,USACE - New Orleans,"Clothing Store, structure, fresh water, short duration",0,0,0,0,0,23,55,69,77,86,94,94,94,94,97,97,97,97,97,97,97,97,97,97,97,97,97,97,97,NULL
290,COM1,USACE - New Orleans,"Clothing Store, structure, composite water & duration",0,0,0,0,0,30,55,65,77,88,96,96,97,97,97,97,97,100,100,100,100,100,100,100,100,100,100,100,100,NULL
291,COM1,USACE - New Orleans,"Convenience Store, structure, salt water, long duration",0,0,0,0,0,100,100,100,100,100,100,100,100,100,100,100,100,100,100,100,100,100,100,100,100,100,100,100,100,NULL
292,COM1,USACE - New Orleans,"Convenience Store, structure, salt water, short duration",0,0,0,0,0,30,87,95,99,100,100,100,100,100,100,100,100,100,100,100,100,100,100,100,100,100,100,100,100,NULL
293,COM1,USACE - New Orleans,"Convenience Store, structure, fresh water, long duration",0,0,0,0,0,92,92,94,95,95,96,96,96,96,96,96,96,96,96,96,96,96,96,96,96,96,96,96,96,NULL
294,COM1,USACE - New Orleans,"Convenience Store, structure, fresh water, short duration",0,0,0,0,0,27,79,87,90,96,96,96,96,96,96,96,96,96,96,96,96,96,96,96,96,96,96,96,96,NULL
295,COM1,USACE - New Orleans,"Convenience Store, structure, composite water & duration",0,0,0,0,0,39,54,66,79,92,97,98,100,100,100,100,100,100,100,100,100,100,100,100,100,100,100,100,100,NULL
296,COM1,USACE - New Orleans,"Department Store, structure, salt water, long duration",0,0,0,0,0,61,75,85,95,100,100,100,100,100,100,100,100,100,100,100,100,100,100,100,100,100,100,100,100,NULL
297,COM1,USACE - New Orleans,"Department Store, structure, salt water, short duration",0,0,0,0,0,25,61,75,85,95,100,100,100,100,100,100,100,100,100,100,100,100,100,100,100,100,100,100,100,NULL
298,COM1,USACE - New Orleans,"Department Store, structure, fresh water, long duration",0,0,0,0,0,55,69,77,86,94,94,94,94,97,97,97,97,97,97,97,97,97,97,97,97,97,97,97,97,NULL
299,COM1,USACE - New Orleans,"Department Store, structure, fresh water, short duration",0,0,0,0,0,23,55,69,77,86,94,94,94,94,97,97,97,97,97,97,97,97,97,97,97,97,97,97,97,NULL
300,COM1,USACE - New Orleans,"Department Store, structure, composite water & duration",0,0,0,0,0,30,55,65,77,88,96,96,97,97,97,97,97,100,100,100,100,100,100,100,100,100,100,100,100,NULL
301,COM1,USACE - New Orleans,"Furniture Store, structure, salt water, long duration",0,0,0,0,0,61,75,85,95,100,100,100,100,100,100,100,100,100,100,100,100,100,100,100,100,100,100,100,100,NULL
302,COM1,USACE - New Orleans,"Furniture Store, structure, salt water, short duration",0,0,0,0,0,25,61,75,85,95,100,100,100,100,100,100,100,100,100,100,100,100,100,100,100,100,100,100,100,NULL
303,COM1,USACE - New Orleans,"Furniture Store, structure, fresh water, long duration",0,0,0,0,0,55,69,77,86,94,94,94,94,97,97,97,97,97,97,97,97,97,97,97,97,97,97,97,97,NULL
304,COM1,USACE - New Orleans,"Furniture Store, structure, fresh water, short duration",0,0,0,0,0,23,55,69,77,86,94,94,94,94,97,97,97,97,97,97,97,97,97,97,97,97,97,97,97,NULL
305,COM1,USACE - New Orleans,"Furniture Store, structure, composite water & duration",0,0,0,0,0,30,55,65,77,88,96,96,97,97,97,97,97,100,100,100,100,100,100,100,100,100,100,100,100,NULL
306,COM1,USACE - New Orleans,"Gas Station, structure, salt water, long duration",0,0,0,0,0,100,100,100,100,100,100,100,100,100,100,100,100,100,100,100,100,100,100,100,100,100,100,100,100,NULL
307,COM1,USACE - New Orleans,"Gas Station, structure, salt water, short duration",0,0,0,0,0,30,87,95,99,100,100,100,100,100,100,100,100,100,100,100,100,100,100,100,100,100,100,100,100,NULL
308,COM1,USACE - New Orleans,"Gas Station, structure, fresh water, long duration",0,0,0,0,0,92,92,94,95,95,96,96,96,96,96,96,96,96,96,96,96,96,96,96,96,96,96,96,96,NULL
309,COM1,USACE - New Orleans,"Gas Station, structure, fresh water, short duration",0,0,0,0,0,27,79,87,90,96,96,96,96,96,96,96,96,96,96,96,96,96,96,96,96,96,96,96,96,NULL
310,COM1,USACE - New Orleans,"Gas Station, structure, composite water & duration",0,0,0,0,0,39,54,66,79,92,97,98,100,100,100,100,100,100,100,100,100,100,100,100,100,100,100,100,100,NULL
311,COM1,USACE - New Orleans,"Large Grocery, structure, salt water, long duration",0,0,0,0,0,100,100,100,100,100,100,100,100,100,100,100,100,100,100,100,100,100,100,100,100,100,100,100,100,NULL
312,COM1,USACE - New Orleans,"Large Grocery, structure, salt water, short duration",0,0,0,0,0,30,87,95,99,100,100,100,100,100,100,100,100,100,100,100,100,100,100,100,100,100,100,100,100,NULL
313,COM1,USACE - New Orleans,"Large Grocery, structure, fresh water, long duration",0,0,0,0,0,92,92,94,95,95,96,96,96,96,96,96,96,96,96,96,96,96,96,96,96,96,96,96,96,NULL
314,COM1,USACE - New Orleans,"Large Grocery,  structure, fresh water, short duration",0,0,0,0,0,27,79,87,90,96,96,96,96,96,96,96,96,96,96,96,96,96,96,96,96,96,96,96,96,NULL
315,COM1,USACE - New Orleans,"Large Grocery, structure, composite water & duration",0,0,0,0,0,39,54,66,79,92,97,98,100,100,100,100,100,100,100,100,100,100,100,100,100,100,100,100,100,NULL
316,COM1,USACE - New Orleans,"Neigborhood Grocery, structure, salt water, long duration",0,0,0,0,0,100,100,100,100,100,100,100,100,100,100,100,100,100,100,100,100,100,100,100,100,100,100,100,100,NULL
317,COM1,USACE - New Orleans,"Neigborhood Grocery, structure, salt water, short duration",0,0,0,0,0,30,87,95,99,100,100,100,100,100,100,100,100,100,100,100,100,100,100,100,100,100,100,100,100,NULL
318,COM1,USACE - New Orleans,"Neigborhood Grocery, structure, fresh water, long duration",0,0,0,0,0,92,92,94,95,95,96,96,96,96,96,96,96,96,96,96,96,96,96,96,96,96,96,96,96,NULL
319,COM1,USACE - New Orleans,"Neigborhood Grocery, structure, fresh water, short duration",0,0,0,0,0,27,79,87,90,96,96,96,96,96,96,96,96,96,96,96,96,96,96,96,96,96,96,96,96,NULL
320,COM1,USACE - New Orleans,"Neigborhood Grocery, structure, composite water & duration",0,0,0,0,0,39,54,66,79,92,97,98,100,100,100,100,100,100,100,100,100,100,100,100,100,100,100,100,100,NULL
321,COM1,USACE - New Orleans,"Home Repair Store, structure, salt water, long duration",0,0,0,0,0,34,69,71,72,81,84,84,84,84,84,84,84,84,84,84,84,84,84,84,84,84,84,84,84,NULL
322,COM1,USACE - New Orleans,"Home Repair Store, structure, salt water, short duration",0,0,0,0,0,21,33,66,67,69,77,80,80,80,80,80,80,80,80,80,80,80,80,80,80,80,80,80,80,NULL
323,COM1,USACE - New Orleans,"Home Repair Store, structure, fresh water, long duration",0,0,0,0,0,31,63,64,66,73,76,76,76,76,76,76,76,76,76,76,76,76,76,76,76,76,76,76,76,NULL
324,COM1,USACE - New Orleans,"Home Repair Store, structure, fresh water, short duration",0,0,0,0,0,20,31,63,64,66,73,76,76,76,76,76,76,76,76,76,76,76,76,76,76,76,76,76,76,NULL
325,COM1,USACE - New Orleans,"Home Repair Store, structure, composite water & duration",0,0,0,0,0,30,41,52,65,75,91,93,93,93,99,100,100,100,100,100,100,100,100,100,100,100,100,100,100,NULL
326,COM1,USACE - New Orleans,"Liquor Store, structure, salt water, long duration",0,0,0,0,0,100,100,100,100,100,100,100,100,100,100,100,100,100,100,100,100,100,100,100,100,100,100,100,100,NULL
327,COM1,USACE - New Orleans,"Liquor Store, structure, salt water, short duration",0,0,0,0,0,30,87,95,99,100,100,100,100,100,100,100,100,100,100,100,100,100,100,100,100,100,100,100,100,NULL
328,COM1,USACE - New Orleans,"Liquor Store, structure, fresh water, long duration",0,0,0,0,0,92,92,94,95,95,96,96,96,96,96,96,96,96,96,96,96,96,96,96,96,96,96,96,96,NULL
329,COM1,USACE - New Orleans,"Liquor Store, structure, fresh water, short duration",0,0,0,0,0,27,79,87,90,96,96,96,96,96,96,96,96,96,96,96,96,96,96,96,96,96,96,96,96,NULL
330,COM1,USACE - New Orleans,"Liquor Store, structure, composite water & duration",0,0,0,0,0,39,54,66,79,92,97,98,100,100,100,100,100,100,100,100,100,100,100,100,100,100,100,100,100,NULL
331,COM1,USACE - New Orleans,"Shoe Store, structure, salt water, long duration",0,0,0,0,0,61,75,85,95,100,100,100,100,100,100,100,100,100,100,100,100,100,100,100,100,100,100,100,100,NULL
332,COM1,USACE - New Orleans,"Shoe Store, structure, salt water, short duration",0,0,0,0,0,25,61,75,85,95,100,100,100,100,100,100,100,100,100,100,100,100,100,100,100,100,100,100,100,NULL
333,COM1,USACE - New Orleans,"Shoe Store, structure, fresh water, long duration",0,0,0,0,0,55,69,77,86,94,94,94,94,97,97,97,97,97,97,97,97,97,97,97,97,97,97,97,97,NULL
334,COM1,USACE - New Orleans,"Shoe Store, structure, fresh water, short duration",0,0,0,0,0,23,55,69,77,86,94,94,94,94,97,97,97,97,97,97,97,97,97,97,97,97,97,97,97,NULL
335,COM1,USACE - New Orleans,"Shoe Store, structure, composite water & duration",0,0,0,0,0,30,55,65,77,88,96,96,97,97,97,97,97,100,100,100,100,100,100,100,100,100,100,100,100,NULL
336,COM1,USACE - New Orleans,"Wine Store, structure, salt water, long duration",0,0,0,0,0,100,100,100,100,100,100,100,100,100,100,100,100,100,100,100,100,100,100,100,100,100,100,100,100,NULL
337,COM1,USACE - New Orleans,"Wine Store, structure, salt water, short duration",0,0,0,0,0,30,87,95,99,100,100,100,100,100,100,100,100,100,100,100,100,100,100,100,100,100,100,100,100,NULL
338,COM1,USACE - New Orleans,"Wine Store, structure, fresh water, long duration",0,0,0,0,0,92,92,94,95,95,96,96,96,96,96,96,96,96,96,96,96,96,96,96,96,96,96,96,96,NULL
339,COM1,USACE - New Orleans,"Wine Store, structure, fresh water, short duration",0,0,0,0,0,27,79,87,90,96,96,96,96,96,96,96,96,96,96,96,96,96,96,96,96,96,96,96,96,NULL
340,COM1,USACE - New Orleans,"Wine Store, structure, composite water & duration",0,0,0,0,0,39,54,66,79,92,97,98,100,100,100,100,100,100,100,100,100,100,100,100,100,100,100,100,100,NULL
341,COM2,USACE - Galveston,"Average wholesale, Structure",0,0,0,0,0,5,8,11,13,16,19,22,25,29,32,37,41,45,49,52,55,58,61,63,66,68,70,71,73,NULL
342,COM2,USACE - Galveston,"Auto Parts, structure",0,0,0,0,0,5,5,5,5,7,10,14,19,25,32,40,50,57,63,68,72,76,79,82,85,88,91,94,97,NULL
343,COM2,USACE - Galveston,"Auto Parts/Mufflers, structure",0,0,0,0,0,3,3,3,4,5,8,12,17,23,31,40,48,56,64,70,76,80,84,88,92,96,100,100,100,NULL
344,COM2,USACE - Galveston,"Heavy Equipment Storage, structure",0,0,0,0,0,0,3,5,6,7,8,10,13,17,21,25,30,40,50,60,70,80,80,80,80,80,80,80,80,NULL
345,COM2,USACE - Galveston,"Food Warehouse, structure",0,0,0,0,0,0,10,11,12,13,13,14,14,15,15,17,18,19,20,22,24,25,27,28,29,30,31,32,33,NULL
346,COM2,USACE - Galveston,"Jewelry, structure",0,0,0,0,0,1,2,2,2,3,4,6,8,9,12,15,20,25,32,40,50,58,64,69,74,79,84,89,94,NULL
347,COM2,USACE - Galveston,"Lumber Yard, structure",0,0,0,0,0,1,1,1,1,1,4,4,5,5,7,9,13,17,21,27,33,39,46,54,62,70,78,86,94,NULL
348,COM2,USACE - Galveston,"Medical Supplies, structure",0,0,0,0,0,15,23,27,30,32,33,34,35,35,35,41,43,45,47,49,51,53,55,57,59,61,63,65,67,NULL
349,COM2,USACE - Galveston,"Municipal Storage Warehouse, structure",0,0,0,0,0,1,5,10,10,10,10,20,30,50,50,50,50,55,55,55,55,55,55,55,55,55,55,55,55,NULL
350,COM2,USACE - Galveston,"Paper Products Warehouse, structure",0,0,0,0,0,18,25,25,25,25,25,25,25,25,25,26,27,27,28,28,28,29,29,29,29,29,29,29,29,NULL
351,COM2,USACE - Galveston,"Private Storage, structure",0,0,0,0,0,0,4,8,12,16,20,25,30,35,40,45,50,50,50,50,50,50,50,50,50,50,50,50,50,NULL
352,COM2,USACE - Galveston,"Quonset Hut Storage, structure",0,0,0,0,0,2,4,5,8,10,12,15,20,25,35,45,60,70,70,70,70,70,70,70,70,70,70,70,70,NULL
353,COM2,USACE - Galveston,"Safety Equipment, structure",0,0,0,0,0,8,16,23,28,33,37,39,40,40,40,43,44,45,47,48,49,50,52,53,54,55,56,57,58,NULL
354,COM2,USACE - Galveston,"Sporting Goods, structure",0,0,0,0,0,20,24,28,32,35,39,43,47,50,55,60,60,60,60,60,60,60,60,60,60,60,60,60,60,NULL
355,COM2,USACE - Galveston,"Sporting Goods Warehouse, structure",0,0,0,0,0,10,17,22,24,26,27,28,30,30,30,35,37,39,41,43,45,47,49,51,53,55,57,59,61,NULL
356,COM2,USACE - Galveston,"Machine Parts Storage, structure",0,0,0,0,0,5,10,20,30,50,70,70,70,70,70,70,70,70,70,70,70,70,70,70,70,70,70,70,70,NULL
357,COM2,USACE - Galveston,"T.V. Station, structure",0,0,0,0,0,1,5,5,5,5,5,6,6,8,10,14,19,25,32,40,50,58,65,70,75,80,85,90,95,NULL
358,COM2,USACE - Galveston,"T.V. Repair, structure",0,0,0,0,0,2,6,12,15,20,25,32,41,50,57,61,66,69,72,75,77,80,82,84,86,88,90,92,94,NULL
359,COM2,USACE - Galveston,"Trailer Parts, structure",0,0,0,0,0,0,5,10,15,20,25,30,32,36,38,40,50,60,60,60,60,60,60,60,60,60,60,60,60,NULL
360,COM2,USACE - Galveston,"Warehouse, structure",0,0,0,0,0,0,1,1,1,3,5,8,12,16,21,26,32,38,45,51,58,65,73,80,87,94,100,100,100,NULL
361,COM2,USACE - Galveston,"Beer Warehouse, structure",0,0,0,0,0,2,4,5,6,7,8,10,13,17,21,25,30,35,35,35,35,35,35,35,35,35,35,35,35,NULL
362,COM2,USACE - Galveston,"Bottled Gases Warehouse, structure",0,0,0,0,0,1,2,3,4,5,8,12,16,21,26,32,38,45,51,58,65,73,82,91,100,100,100,100,100,NULL
363,COM2,USACE - Galveston,"Western Auto, structure",0,0,0,0,0,4,6,7,11,11,18,24,30,36,41,46,50,53,57,60,64,67,71,75,79,83,87,91,95,NULL
364,COM2,USACE - New Orleans,"Warehouse, structure, salt water, long duration",0,0,0,0,0,22,29,34,43,51,59,67,75,80,80,80,80,80,80,80,80,80,80,80,80,80,80,80,80,NULL
365,COM2,USACE - New Orleans,"Warehouse, structure, salt water, short duration",0,0,0,0,0,13,21,28,33,41,49,56,64,71,76,76,76,76,76,76,76,76,76,76,76,76,76,76,76,NULL
366,COM2,USACE - New Orleans,"Warehouse, structure, fresh water, long duration",0,0,0,0,0,20,27,31,39,46,53,61,68,73,73,73,73,73,73,73,73,73,73,73,73,73,73,73,73,NULL
367,COM2,USACE - New Orleans,"Warehouse, structure, fresh water, short duration",0,0,0,0,0,12,20,27,31,39,46,53,61,68,73,73,73,73,73,73,73,73,73,73,73,73,73,73,73,NULL
368,COM2,USACE - New Orleans,"Warehouse, structure, composite water & duration",0,0,0,0,0,28,45,55,62,72,78,82,87,90,93,95,96,96,96,96,96,96,96,96,96,96,96,96,96,NULL
369,COM2,USACE - St. Paul,"Warehouse, structure, fresh water",0,0,0,0,5,12,17,20,21,22,22,23,25,27,31,35,39,42,42,42,42,42,42,42,42,42,42,42,42,NULL
370,COM2,USACE - Wilmington,"Auto Junk Yard, structure",0,0,0,0,7,14,21,26,28,28,29,29,31,32,33,34,35,36,38,39,40,41,42,43,44,45,46,47,48,NULL
371,COM2,USACE - Wilmington,"Auto Parts, structure",0,0,0,0,4,11,19,27,32,37,41,45,49,52,55,58,61,64,67,70,73,76,79,82,85,88,91,94,97,NULL
372,COM2,USACE - Wilmington,"Jewelry, structure",0,0,0,0,7,16,27,37,44,51,57,63,70,76,80,84,88,90,92,94,96,98,100,100,100,100,100,100,100,NULL
373,COM2,USACE - Wilmington,"Lumber, structure",0,0,0,0,3,6,8,13,20,28,35,42,50,57,64,71,78,85,92,99,100,100,100,100,100,100,100,100,100,NULL
374,COM2,USACE - Wilmington,"Warehouse, structure",0,0,0,0,4,12,23,34,43,51,59,68,74,78,80,83,86,88,91,94,97,100,100,100,100,100,100,100,100,NULL
375,COM3,USACE - Galveston,"Average Personal & Repair Services, Structure",0,0,0,0,0,9,12,13,16,19,22,25,28,32,35,39,43,47,50,54,57,61,64,68,71,75,78,82,85,NULL
376,COM3,USACE - Galveston,"Barber Shop, structure",0,0,0,0,0,13,17,18,24,31,37,41,45,47,49,50,50,51,52,54,56,59,62,66,70,74,78,82,86,NULL
377,COM3,USACE - Galveston,"Beauty Shop, structure",0,0,0,0,0,10,14,17,23,28,34,38,43,47,50,54,57,61,64,67,71,74,77,80,83,86,89,92,95,NULL
378,COM3,USACE - Galveston,"Boat Service, structure",0,0,0,0,0,12,12,12,12,12,12,14,15,18,21,25,30,35,40,46,52,58,64,70,76,82,88,94,100,NULL
379,COM3,USACE - Galveston,"Car Wash, structure",0,0,0,0,0,0,0,2,5,10,10,15,15,20,20,25,25,30,30,35,35,40,40,45,45,50,50,55,55,NULL
380,COM3,USACE - Galveston,"Cemetary, structure",0,0,0,0,0,19,23,25,25,25,26,27,28,31,35,41,50,58,64,69,73,77,80,82,84,86,88,90,92,NULL
381,COM3,USACE - Galveston,"Cleaners, structure",0,0,0,0,0,4,6,6,8,10,13,17,22,28,34,42,50,57,62,67,71,75,78,81,84,87,90,93,96,NULL
382,COM3,USACE - Galveston,"Cleaners substation, structure",0,0,0,0,0,4,6,6,8,10,13,17,22,28,34,42,50,57,62,67,71,75,78,81,84,87,90,93,96,NULL
383,COM3,USACE - Galveston,"Private Day Care, structure",0,0,0,0,0,15,16,16,20,25,29,33,37,41,44,47,50,53,56,58,61,65,68,73,78,83,88,93,98,NULL
384,COM3,USACE - Galveston,"Funeral Home, structure",0,0,0,0,0,1,5,5,5,6,7,9,11,14,17,20,24,28,32,36,41,45,51,56,61,66,71,76,81,NULL
385,COM3,USACE - Galveston,"Laundry, structure",0,0,0,0,0,2,5,8,12,15,18,21,23,26,28,31,33,36,39,42,47,51,57,62,67,72,77,82,87,NULL
386,COM3,USACE - Galveston,"Photo Studio, structure",0,0,0,0,0,20,25,30,35,40,45,50,60,65,70,75,75,75,75,75,75,75,75,75,75,75,75,75,75,NULL
387,COM3,USACE - Galveston,"Truck Mfg & Sales, structure",0,0,0,0,0,12,18,23,26,27,28,29,30,30,30,32,33,35,35,36,37,38,39,40,41,42,43,44,45,NULL
388,COM3,USACE - Galveston,"Washateria, structure",0,0,0,0,0,6,6,6,7,8,10,12,15,18,23,27,32,38,44,50,56,62,69,75,81,87,93,99,100,NULL
389,COM3,USACE - New Orleans,"Auto Repair, structure, salt water, long duration",0,0,0,0,0,34,69,71,72,81,84,84,84,84,84,84,84,84,84,84,84,84,84,84,84,84,84,84,84,NULL
390,COM3,USACE - New Orleans,"Auto Repair, structure, salt water, short duration",0,0,0,0,0,21,33,66,67,69,77,80,80,80,80,80,80,80,80,80,80,80,80,80,80,80,80,80,80,NULL
391,COM3,USACE - New Orleans,"Auto Repair, structure, fresh water, long duration",0,0,0,0,0,31,63,64,66,73,76,76,76,76,76,76,76,76,76,76,76,76,76,76,76,76,76,76,76,NULL
392,COM3,USACE - New Orleans,"Auto Repair, structure, fresh water, short duration",0,0,0,0,0,20,31,63,64,66,73,76,76,76,76,76,76,76,76,76,76,76,76,76,76,76,76,76,76,NULL
393,COM3,USACE - New Orleans,"Auto Repair, structure, composite water & duration",0,0,0,0,0,30,41,52,65,75,91,93,93,93,99,100,100,100,100,100,100,100,100,100,100,100,100,100,100,NULL
394,COM3,USACE - New Orleans,"Barber Shop, structure, salt water, long duration",0,0,0,0,0,61,75,85,95,100,100,100,100,100,100,100,100,100,100,100,100,100,100,100,100,100,100,100,100,NULL
395,COM3,USACE - New Orleans,"Barber Shop, structure, salt water, short duration",0,0,0,0,0,25,61,75,85,95,100,100,100,100,100,100,100,100,100,100,100,100,100,100,100,100,100,100,100,NULL
396,COM3,USACE - New Orleans,"Barber Shop, structure, fresh water, long duration",0,0,0,0,0,55,69,77,86,94,94,94,94,97,97,97,97,97,97,97,97,97,97,97,97,97,97,97,97,NULL
397,COM3,USACE - New Orleans,"Barber Shop, structure, fresh water, short duration",0,0,0,0,0,23,55,69,77,86,94,94,94,94,97,97,97,97,97,97,97,97,97,97,97,97,97,97,97,NULL
398,COM3,USACE - New Orleans,"Barber Shop, structure, composite water & duration",0,0,0,0,0,30,55,65,77,88,96,96,97,97,97,97,97,100,100,100,100,100,100,100,100,100,100,100,100,NULL
399,COM3,USACE - New Orleans,"Beauty Salon, structure, salt water, long duration",0,0,0,0,0,61,75,85,95,100,100,100,100,100,100,100,100,100,100,100,100,100,100,100,100,100,100,100,100,NULL
400,COM3,USACE - New Orleans,"Beauty Salon, structure, salt water, short duration",0,0,0,0,0,25,61,75,85,95,100,100,100,100,100,100,100,100,100,100,100,100,100,100,100,100,100,100,100,NULL
401,COM3,USACE - New Orleans,"Beauty Salon, structure, fresh water, long duration",0,0,0,0,0,55,69,77,86,94,94,94,94,97,97,97,97,97,97,97,97,97,97,97,97,97,97,97,97,NULL
402,COM3,USACE - New Orleans,"Beauty Salon, structure, fresh water, short duration",0,0,0,0,0,23,55,69,77,86,94,94,94,94,97,97,97,97,97,97,97,97,97,97,97,97,97,97,97,NULL
403,COM3,USACE - New Orleans,"Beauty Salon, structure, composite water & duration",0,0,0,0,0,30,55,65,77,88,96,96,97,97,97,97,97,100,100,100,100,100,100,100,100,100,100,100,100,NULL
404,COM3,USACE - New Orleans,"Funeral Home, structure, salt water, long duration",0,0,0,0,0,43,64,100,100,100,100,100,100,100,100,100,100,100,100,100,100,100,100,100,100,100,100,100,100,NULL
405,COM3,USACE - New Orleans,"Funeral Home, structure, salt water, short duration",0,0,0,0,0,19,39,75,92,94,100,100,100,100,100,100,100,100,100,100,100,100,100,100,100,100,100,100,100,NULL
406,COM3,USACE - New Orleans,"Funeral Home, structure, fresh water, long duration",0,0,0,0,0,28,42,66,81,83,91,92,92,92,92,92,92,92,92,92,92,92,92,92,92,92,92,92,92,NULL
407,COM3,USACE - New Orleans,"Funeral Home, structure, fresh water, short duration",0,0,0,0,0,16,34,65,80,82,90,92,92,92,92,92,92,92,92,92,92,92,92,92,92,92,92,92,92,NULL
408,COM3,USACE - New Orleans,"Funeral Home, structure, composite water & duration",0,0,0,0,0,31,52,65,73,79,82,84,86,88,89,91,92,95,96,98,100,100,100,100,100,100,100,100,100,NULL
409,COM3,USACE - New Orleans,"Laundromat, structure, salt water, long duration",0,0,0,0,0,61,75,85,95,100,100,100,100,100,100,100,100,100,100,100,100,100,100,100,100,100,100,100,100,NULL
410,COM3,USACE - New Orleans,"Laundromat, structure, salt water, short duration",0,0,0,0,0,25,61,75,85,95,100,100,100,100,100,100,100,100,100,100,100,100,100,100,100,100,100,100,100,NULL
411,COM3,USACE - New Orleans,"Laundromat, structure, fresh water, long duration",0,0,0,0,0,55,69,77,86,94,94,94,94,97,97,97,97,97,97,97,97,97,97,97,97,97,97,97,97,NULL
412,COM3,USACE - New Orleans,"Laundromat, structure, fresh water, short duration",0,0,0,0,0,23,55,69,77,86,94,94,94,94,97,97,97,97,97,97,97,97,97,97,97,97,97,97,97,NULL
413,COM3,USACE - New Orleans,"Laundromat, structure, composite water & duration",0,0,0,0,0,30,55,65,77,88,96,96,97,97,97,97,97,100,100,100,100,100,100,100,100,100,100,100,100,NULL
414,COM3,USACE - New Orleans,"Reupholstery, structure, salt water, long duration",0,0,0,0,0,34,69,71,72,81,84,84,84,84,84,84,84,84,84,84,84,84,84,84,84,84,84,84,84,NULL
415,COM3,USACE - New Orleans,"Reupholstery, structure, salt water, short duration",0,0,0,0,0,21,33,66,67,69,77,80,80,80,80,80,80,80,80,80,80,80,80,80,80,80,80,80,80,NULL
416,COM3,USACE - New Orleans,"Reupholstery, structure, fresh water, long duration",0,0,0,0,0,31,63,64,66,73,76,76,76,76,76,76,76,76,76,76,76,76,76,76,76,76,76,76,76,NULL
417,COM3,USACE - New Orleans,"Reupholstery, structure, fresh water, short duration",0,0,0,0,0,20,31,63,64,66,73,76,76,76,76,76,76,76,76,76,76,76,76,76,76,76,76,76,76,NULL
418,COM3,USACE - New Orleans,"Reupholstery, structure, composite water & duration",0,0,0,0,0,30,41,52,65,75,91,93,93,93,99,100,100,100,100,100,100,100,100,100,100,100,100,100,100,NULL
419,COM3,USACE - New Orleans,"Watch Repair, structure, salt water, long duration",0,0,0,0,0,34,69,71,72,81,84,84,84,84,84,84,84,84,84,84,84,84,84,84,84,84,84,84,84,NULL
420,COM3,USACE - New Orleans,"Watch Repair, structure, salt water, short duration",0,0,0,0,0,21,33,66,67,69,77,80,80,80,80,80,80,80,80,80,80,80,80,80,80,80,80,80,80,NULL
421,COM3,USACE - New Orleans,"Watch Repair, structure, fresh water, long duration",0,0,0,0,0,31,63,64,66,73,76,76,76,76,76,76,76,76,76,76,76,76,76,76,76,76,76,76,76,NULL
422,COM3,USACE - New Orleans,"Watch Repair, structure, fresh water, short duration",0,0,0,0,0,20,31,63,64,66,73,76,76,76,76,76,76,76,76,76,76,76,76,76,76,76,76,76,76,NULL
423,COM3,USACE - New Orleans,"Watch Repair, structure, composite water & duration",0,0,0,0,0,30,41,52,65,75,91,93,93,93,99,100,100,100,100,100,100,100,100,100,100,100,100,100,100,NULL
424,COM3,USACE - Wilmington,"Barber Shop, structure",0,0,0,0,4,7,15,25,31,39,45,52,57,62,67,71,75,78,82,85,88,91,94,97,100,100,100,100,100,NULL
425,COM3,USACE - Wilmington,"Beauty Shop, structure",0,0,0,0,1,6,11,23,33,42,50,60,67,71,74,77,81,85,88,91,94,97,100,100,100,100,100,100,100,NULL
426,COM3,USACE - Wilmington,"Cleaners, structure",0,0,0,0,5,11,19,27,39,52,68,84,95,98,98,98,98,98,99,100,100,100,100,100,100,100,100,100,100,NULL
427,COM3,USACE - Wilmington,"Cleaners-substation, structure",0,0,0,0,4,6,7,10,22,39,56,75,88,91,93,93,94,95,96,97,98,99,100,100,100,100,100,100,100,NULL
428,COM3,USACE - Wilmington,"Funeral Home, structure",0,0,0,0,17,25,31,38,47,55,63,71,78,82,84,86,88,90,92,94,96,98,100,100,100,100,100,100,100,NULL
429,COM3,USACE - Wilmington,"Laundry, structure",0,0,0,0,5,12,20,29,37,45,52,60,65,69,73,78,82,86,90,94,98,100,100,100,100,100,100,100,100,NULL
430,COM3,USACE - Wilmington,"Wash-a-teria, structure",0,0,0,0,6,20,40,52,58,63,67,72,76,80,84,87,91,94,97,100,100,100,100,100,100,100,100,100,100,NULL
431,COM4,USACE - Galveston,"Average Prof/Tech Services, Structure",0,0,0,0,2,11,16,22,28,35,38,41,44,47,50,54,57,59,62,66,68,70,72,74,76,77,78,79,80,NULL
432,COM4,USACE - Galveston,"Airport, structure",0,0,0,0,0,17,17,20,23,27,28,30,32,34,40,40,40,40,43,59,59,59,59,59,59,59,59,59,59,NULL
433,COM4,USACE - Galveston,"Boat Stalls, structure",0,0,0,0,0,10,19,26,32,40,48,56,64,71,78,85,91,97,100,100,100,100,100,100,100,100,100,100,100,NULL
434,COM4,USACE - Galveston,"Boat Storage, structure",0,0,0,0,0,4,5,7,10,13,16,22,26,31,37,43,49,55,60,65,70,75,79,83,87,91,95,99,100,NULL
435,COM4,USACE - Galveston,"Business, Structure",0,0,0,0,0,1,2,3,5,8,11,13,16,18,21,25,29,34,38,44,49,54,59,65,70,75,80,85,90,NULL
436,COM4,USACE - Galveston,"Filtering Plant, structure",0,0,0,0,0,5,15,30,60,90,90,90,90,90,90,90,90,90,90,90,90,90,90,90,90,90,90,90,90,NULL
437,COM4,USACE - Galveston,"Import Sales, structure",0,0,0,0,0,25,30,35,40,42,44,46,48,50,50,65,65,65,65,65,65,65,65,65,65,65,65,65,65,NULL
438,COM4,USACE - Galveston,"Big Office Commercial, structure",0,0,0,0,0,12,14,17,19,23,27,31,35,40,45,50,55,59,63,67,71,74,77,80,83,86,89,92,95,NULL
439,COM4,USACE - Galveston,"Piers, structure",0,0,0,0,20,40,60,80,85,100,100,100,100,100,100,100,100,100,100,100,100,100,100,100,100,100,100,100,100,NULL
440,COM4,USACE - Galveston,"Sewage Treatment, structure",0,0,0,0,0,2,4,4,4,5,6,8,12,16,21,27,34,42,50,59,68,77,87,97,100,100,100,100,100,NULL
441,COM4,USACE - Galveston,"Transport Company, structure",0,0,0,0,0,9,11,12,16,20,24,28,30,30,30,30,30,30,30,30,30,30,30,30,30,30,30,30,30,NULL
442,COM4,USACE - Galveston,"Utility Company, structure",0,0,0,0,0,0,0,10,14,18,22,26,30,34,36,38,40,40,45,50,50,50,50,50,50,50,50,50,50,NULL
443,COM4,USACE - New Orleans,"Accounting Firm, structure, salt water, long duration",0,0,0,0,0,43,64,100,100,100,100,100,100,100,100,100,100,100,100,100,100,100,100,100,100,100,100,100,100,NULL
444,COM4,USACE - New Orleans,"Accounting Firm, structure, salt water, short duration",0,0,0,0,0,19,39,75,92,94,100,100,100,100,100,100,100,100,100,100,100,100,100,100,100,100,100,100,100,NULL
445,COM4,USACE - New Orleans,"Accounting Firm, structure, fresh water, long duration",0,0,0,0,0,28,42,66,81,83,91,92,92,92,92,92,92,92,92,92,92,92,92,92,92,92,92,92,92,NULL
446,COM4,USACE - New Orleans,"Accounting Firm, structure, fresh water, short duration",0,0,0,0,0,16,34,65,80,82,90,92,92,92,92,92,92,92,92,92,92,92,92,92,92,92,92,92,92,NULL
447,COM4,USACE - New Orleans,"Accounting Firm, structure, composite water & duration",0,0,0,0,0,31,52,65,73,79,82,84,86,88,89,91,92,95,96,98,100,100,100,100,100,100,100,100,100,NULL
448,COM4,USACE - New Orleans,"Legal Office, structure, salt water, long duration",0,0,0,0,0,43,64,100,100,100,100,100,100,100,100,100,100,100,100,100,100,100,100,100,100,100,100,100,100,NULL
449,COM4,USACE - New Orleans,"Legal Office, structure, salt water, short duration",0,0,0,0,0,19,39,75,92,94,100,100,100,100,100,100,100,100,100,100,100,100,100,100,100,100,100,100,100,NULL
450,COM4,USACE - New Orleans,"Legal Office, structure, fresh water, long duration",0,0,0,0,0,28,42,66,81,83,91,92,92,92,92,92,92,92,92,92,92,92,92,92,92,92,92,92,92,NULL
451,COM4,USACE - New Orleans,"Legal Office, structure, fresh water, short duration",0,0,0,0,0,16,34,65,80,82,90,92,92,92,92,92,92,92,92,92,92,92,92,92,92,92,92,92,92,NULL
452,COM4,USACE - New Orleans,"Legal Office, structure, composite water & duration",0,0,0,0,0,31,52,65,73,79,82,84,86,88,89,91,92,95,96,98,100,100,100,100,100,100,100,100,100,NULL
453,COM4,USACE - New Orleans,"Real Estate Office, structure, salt water, long duration",0,0,0,0,0,43,64,100,100,100,100,100,100,100,100,100,100,100,100,100,100,100,100,100,100,100,100,100,100,NULL
454,COM4,USACE - New Orleans,"Real Estate Office, structure, salt water, short duration",0,0,0,0,0,19,39,75,92,94,100,100,100,100,100,100,100,100,100,100,100,100,100,100,100,100,100,100,100,NULL
455,COM4,USACE - New Orleans,"Real Estate Office, structure, fresh water, long duration",0,0,0,0,0,28,42,66,81,83,91,92,92,92,92,92,92,92,92,92,92,92,92,92,92,92,92,92,92,NULL
456,COM4,USACE - New Orleans,"Real Estate Office, structure, fresh water, short duration",0,0,0,0,0,16,34,65,80,82,90,92,92,92,92,92,92,92,92,92,92,92,92,92,92,92,92,92,92,NULL
457,COM4,USACE - New Orleans,"Real Estate Office, structure, composite water & duration",0,0,0,0,0,31,52,65,73,79,82,84,86,88,89,91,92,95,96,98,100,100,100,100,100,100,100,100,100,NULL
458,COM4,USACE - New Orleans,"Utility Company, structure, salt water, long duration",0,0,0,0,0,85,87,100,100,100,100,100,100,100,100,100,100,100,100,100,100,100,100,100,100,100,100,100,100,NULL
459,COM4,USACE - New Orleans,"Utility Company, structure, salt water, short duration",0,0,0,0,0,72,72,100,100,100,100,100,100,100,100,100,100,100,100,100,100,100,100,100,100,100,100,100,100,NULL
460,COM4,USACE - New Orleans,"Utility Company, structure, fresh water, long duration",0,0,0,0,0,75,76,97,100,100,100,100,100,100,100,100,100,100,100,100,100,100,100,100,100,100,100,100,100,NULL
461,COM4,USACE - New Orleans,"Utility Company, structure, fresh water, short duration",0,0,0,0,0,65,65,90,100,100,100,100,100,100,100,100,100,100,100,100,100,100,100,100,100,100,100,100,100,NULL
462,COM4,USACE - New Orleans,"Utility Company, structure, composite water & duration",0,0,0,0,0,25,55,69,79,84,85,85,85,85,90,90,90,92,93,94,95,96,97,98,99,100,100,100,100,NULL
463,COM4,USACE - St. Paul,"Professional, structure, fresh water",0,0,0,0,5,12,17,20,21,22,22,23,25,27,31,35,39,42,42,42,42,42,42,42,42,42,42,42,42,NULL
464,COM4,USACE - Wilmington,"Boat Stalls, structure",0,0,0,0,5,9,13,17,21,26,32,37,43,48,52,58,60,63,66,69,72,75,78,81,84,87,90,93,96,NULL
465,COM4,USACE - Wilmington,"Business, structure",0,0,0,0,4,9,15,22,27,35,44,55,64,71,77,83,87,91,95,99,100,100,100,100,100,100,100,100,100,NULL
466,COM4,USACE - Wilmington,"Office Building, structure",0,0,0,0,26,35,41,48,55,60,66,71,76,80,83,85,88,90,93,95,98,100,100,100,100,100,100,100,100,NULL
467,COM5,USACE - Galveston,"Bank, Structure",0,0,0,0,0,11,11,12,13,15,17,19,22,24,28,31,34,37,40,44,48,51,55,59,63,67,71,75,79,NULL
468,COM5,USACE - New Orleans,"Bank, Structure, salt water, long duration",0,0,0,0,0,43,64,100,100,100,100,100,100,100,100,100,100,100,100,100,100,100,100,100,100,100,100,100,100,NULL
469,COM5,USACE - New Orleans,"Bank, Structure, salt water, short duration",0,0,0,0,0,19,39,75,92,94,100,100,100,100,100,100,100,100,100,100,100,100,100,100,100,100,100,100,100,NULL
470,COM5,USACE - New Orleans,"Bank, tructure, fresh water, long duration",0,0,0,0,0,28,42,66,81,83,91,92,92,92,92,92,92,92,92,92,92,92,92,92,92,92,92,92,92,NULL
471,COM5,USACE - New Orleans,"Bank, Structure, fresh water, short duration",0,0,0,0,0,16,34,65,80,82,90,92,92,92,92,92,92,92,92,92,92,92,92,92,92,92,92,92,92,NULL
472,COM5,USACE - New Orleans,"Bank, Structure, composite water & duration",0,0,0,0,0,31,52,65,73,79,82,84,86,88,89,91,92,95,96,98,100,100,100,100,100,100,100,100,100,NULL
473,COM5,USACE - Wilmington,"Bank, Structure",0,0,0,0,1,5,13,21,23,24,26,28,30,33,35,37,39,42,45,48,51,54,57,60,63,66,69,72,75,NULL
474,COM6,USACE - Galveston,"Hospital, Structure",0,0,0,0,0,0,0,20,25,30,35,40,43,47,50,53,55,57,60,60,60,60,60,60,60,60,60,60,60,NULL
475,COM7,USACE - Galveston,"Average Medical Office, Structure",0,0,0,0,2,11,12,13,14,16,17,18,20,22,24,27,30,34,37,41,44,48,51,54,56,59,61,64,66,NULL
476,COM7,USACE - Galveston,"Doctor's Office, structure",0,0,0,0,0,1,3,4,6,9,11,14,17,20,24,29,35,42,50,57,63,68,73,77,80,83,85,87,88,NULL
477,COM7,USACE - Galveston,"Dentist's Office, structure",0,0,0,0,7,35,35,35,35,35,35,36,37,38,39,41,42,44,45,47,49,51,53,55,57,59,61,63,65,NULL
478,COM7,USACE - Galveston,"Chiropractic Clinic, structure",0,0,0,0,0,1,2,2,3,4,6,8,11,14,17,21,25,29,33,38,42,47,51,56,60,65,69,74,78,NULL
479,COM7,USACE - Galveston,"X-Ray Service, structure",0,0,0,0,0,5,7,12,13,14,15,15,15,15,15,18,19,20,21,22,23,24,25,26,27,28,29,30,31,NULL
480,COM7,USACE - Wilmington,"Medical Clinic, structure",0,0,0,0,7,16,27,37,42,47,49,52,55,57,59,62,64,66,68,70,72,74,76,78,80,82,84,86,88,NULL
481,COM7,USACE - Wilmington,"Doctor's Office, structure",0,0,0,0,2,7,17,26,34,43,51,58,65,71,77,82,86,90,95,100,100,100,100,100,100,100,100,100,100,NULL
482,COM7,USACE - Wilmington,"Dentist's Office, structure",0,0,0,0,2,5,9,16,25,36,50,66,78,82,84,85,87,88,89,90,91,92,93,94,95,96,97,98,99,NULL
483,COM7,USACE - New Orleans,"Medical Office, structure, salt water, long duration",0,0,0,0,0,43,64,100,100,100,100,100,100,100,100,100,100,100,100,100,100,100,100,100,100,100,100,100,100,NULL
484,COM7,USACE - New Orleans,"Medical Office, structure, salt water, short duration",0,0,0,0,0,19,39,75,92,94,100,100,100,100,100,100,100,100,100,100,100,100,100,100,100,100,100,100,100,NULL
485,COM7,USACE - New Orleans,"Medical Office, structure, fresh water, long duration",0,0,0,0,0,28,42,66,81,83,91,92,92,92,92,92,92,92,92,92,92,92,92,92,92,92,92,92,92,NULL
486,COM7,USACE - New Orleans,"Medical Office, structure, fresh water, short duration",0,0,0,0,0,16,34,65,80,82,90,92,92,92,92,92,92,92,92,92,92,92,92,92,92,92,92,92,92,NULL
487,COM7,USACE - New Orleans,"Medical Office, structure, composite water & duration",0,0,0,0,0,31,52,65,73,79,82,84,86,88,89,91,92,95,96,98,100,100,100,100,100,100,100,100,100,NULL
488,COM7,USACE - New Orleans,"Dentist's Office, structure, salt water, long duration",0,0,0,0,0,43,64,100,100,100,100,100,100,100,100,100,100,100,100,100,100,100,100,100,100,100,100,100,100,NULL
489,COM7,USACE - New Orleans,"Dentist's Office, structure, salt water, short duration",0,0,0,0,0,19,39,75,92,94,100,100,100,100,100,100,100,100,100,100,100,100,100,100,100,100,100,100,100,NULL
490,COM7,USACE - New Orleans,"Dentist's Office, structure, fresh water, long duration",0,0,0,0,0,28,42,66,81,83,91,92,92,92,92,92,92,92,92,92,92,92,92,92,92,92,92,92,92,NULL
491,COM7,USACE - New Orleans,"Dentist's Office, structure, fresh water, short duration",0,0,0,0,0,16,34,65,80,82,90,92,92,92,92,92,92,92,92,92,92,92,92,92,92,92,92,92,92,NULL
492,COM7,USACE - New Orleans,"Dentist's Office, structure, composite water & duration",0,0,0,0,0,31,52,65,73,79,82,84,86,88,89,91,92,95,96,98,100,100,100,100,100,100,100,100,100,NULL
493,COM8,USACE - Galveston,"Average Entertainment/Recreation, Structure",0,0,0,0,1,9,11,12,14,16,18,20,22,26,29,33,37,41,45,50,53,57,60,63,66,69,73,76,78,NULL
494,COM8,USACE - Galveston,"Fishing Party Boat, structure",0,0,0,0,10,20,20,20,20,20,20,20,20,20,20,20,20,20,20,20,20,20,20,20,20,20,20,20,20,NULL
495,COM8,USACE - Galveston,"Bowling Alley, structure",0,0,0,0,0,4,7,11,15,19,23,27,31,35,39,44,49,53,53,61,65,69,73,77,81,85,89,93,97,NULL
496,COM8,USACE - Galveston,"Country Club, structure",0,0,0,0,0,7,8,8,9,10,11,12,13,14,15,18,21,24,28,33,38,44,50,57,64,71,78,85,92,NULL
497,COM8,USACE - Galveston,"Private Golf Course, structure",0,0,0,0,0,1,4,6,8,9,11,14,17,21,26,31,37,43,50,57,63,68,73,77,81,85,89,93,97,NULL
498,COM8,USACE - Galveston,"Physical Fitness, structure",0,0,0,0,0,18,20,20,20,20,20,22,27,33,39,44,49,53,58,62,66,69,73,77,81,85,89,93,97,NULL
499,COM8,USACE - Galveston,"Private Pool, structure",0,0,0,0,0,7,7,7,7,7,7,7,7,7,7,7,7,7,7,7,7,7,7,7,7,7,7,7,7,NULL
500,COM8,USACE - Galveston,"Private Club, structure",0,0,0,0,0,5,8,8,9,9,9,10,12,14,17,21,26,32,40,50,58,64,70,75,80,84,88,92,96,NULL
501,COM8,USACE - Galveston,"Recreation Facilities, structure",0,0,0,0,0,0,0,2,5,10,10,15,15,20,20,25,25,35,35,45,45,45,45,45,45,45,45,45,45,NULL
502,COM8,USACE - Galveston,"Tavern, structure",0,0,0,0,0,15,18,20,22,24,27,31,34,38,42,46,50,54,58,62,66,70,73,77,81,85,89,93,97,NULL
503,COM8,USACE - Galveston,"Telephone Exchange, structure",0,0,0,0,0,12,14,17,19,23,27,31,35,40,45,50,55,59,63,67,71,74,77,80,83,86,89,92,95,NULL
504,COM8,USACE - Galveston,"Cafeteria Restaurant, structure",0,0,0,0,0,15,18,20,23,25,27,28,30,33,37,43,50,58,64,68,72,76,80,84,88,92,96,100,100,NULL
505,COM8,USACE - Galveston,"Drive-In Restaurant, structure",0,0,0,0,0,2,4,7,10,14,18,23,28,33,39,44,50,56,61,66,70,73,77,80,84,87,91,94,98,NULL
506,COM8,USACE - New Orleans,"Bowling Alley, structure, salt water, long duration",0,0,0,0,0,46,75,92,99,100,100,100,100,100,100,100,100,100,100,100,100,100,100,100,100,100,100,100,100,NULL
507,COM8,USACE - New Orleans,"Bowling Alley, structure, salt water, short duration",0,0,0,0,0,25,50,80,96,98,99,100,100,100,100,100,100,100,100,100,100,100,100,100,100,100,100,100,100,NULL
508,COM8,USACE - New Orleans,"Bowling Alley, structure, fresh water, long duration",0,0,0,0,0,41,68,84,92,95,96,98,98,98,98,98,98,98,98,98,98,98,98,98,98,98,98,98,98,NULL
509,COM8,USACE - New Orleans,"Bowling Alley, structure, fresh water, short duration",0,0,0,0,0,24,48,77,91,94,94,97,97,97,97,97,97,97,97,97,97,97,97,97,97,97,97,97,97,NULL
510,COM8,USACE - New Orleans,"Bowling Alley, structure, composite water & duration",0,0,0,0,0,26,54,68,83,88,95,97,98,98,99,99,100,100,100,100,100,100,100,100,100,100,100,100,100,NULL
511,COM8,USACE - New Orleans,"Fast Food Restaurant, structure, salt water, long duration",0,0,0,0,0,46,75,92,99,100,100,100,100,100,100,100,100,100,100,100,100,100,100,100,100,100,100,100,100,NULL
512,COM8,USACE - New Orleans,"Fast Food Restaurant, structure, salt water, short duration",0,0,0,0,0,25,50,80,96,98,99,100,100,100,100,100,100,100,100,100,100,100,100,100,100,100,100,100,100,NULL
513,COM8,USACE - New Orleans,"Fast Food Restaurant, structure, fresh water, long duration",0,0,0,0,0,41,68,84,92,95,96,98,98,98,98,98,98,98,98,98,98,98,98,98,98,98,98,98,98,NULL
514,COM8,USACE - New Orleans,"Fast Food Restaurant, structure, fresh water, short duration",0,0,0,0,0,24,48,77,91,94,94,97,97,97,97,97,97,97,97,97,97,97,97,97,97,97,97,97,97,NULL
515,COM8,USACE - New Orleans,"Fast Food Restaurant, structure, composite water & duration",0,0,0,0,0,26,54,68,83,88,95,97,98,98,99,99,100,100,100,100,100,100,100,100,100,100,100,100,100,NULL
516,COM8,USACE - New Orleans,"Full-Service Restaurant, structure, salt water, long duration",0,0,0,0,0,46,75,92,99,100,100,100,100,100,100,100,100,100,100,100,100,100,100,100,100,100,100,100,100,NULL
517,COM8,USACE - New Orleans,"Full-Service Restaurant, structure, salt water, short duration",0,0,0,0,0,25,50,80,96,98,99,100,100,100,100,100,100,100,100,100,100,100,100,100,100,100,100,100,100,NULL
518,COM8,USACE - New Orleans,"Full-Service Restaurant, structure, fresh water, long duration",0,0,0,0,0,41,68,84,92,95,96,98,98,98,98,98,98,98,98,98,98,98,98,98,98,98,98,98,98,NULL
519,COM8,USACE - New Orleans,"Full-Service Restaurant, structure, fresh water, short duration",0,0,0,0,0,24,48,77,91,94,94,97,97,97,97,97,97,97,97,97,97,97,97,97,97,97,97,97,97,NULL
520,COM8,USACE - New Orleans,"Full-Service Restaurant, structure, composite water & duration",0,0,0,0,0,26,54,68,83,88,95,97,98,98,99,99,100,100,100,100,100,100,100,100,100,100,100,100,100,NULL
521,COM8,USACE - New Orleans,"Lounge, structure, salt water, long duration",0,0,0,0,0,46,75,92,99,100,100,100,100,100,100,100,100,100,100,100,100,100,100,100,100,100,100,100,100,NULL
522,COM8,USACE - New Orleans,"Lounge, structure, salt water, short duration",0,0,0,0,0,25,50,80,96,98,99,100,100,100,100,100,100,100,100,100,100,100,100,100,100,100,100,100,100,NULL
523,COM8,USACE - New Orleans,"Lounge, structure, fresh water, long duration",0,0,0,0,0,41,68,84,92,95,96,98,98,98,98,98,98,98,98,98,98,98,98,98,98,98,98,98,98,NULL
524,COM8,USACE - New Orleans,"Lounge, structure, fresh water, short duration",0,0,0,0,0,24,48,77,91,94,94,97,97,97,97,97,97,97,97,97,97,97,97,97,97,97,97,97,97,NULL
525,COM8,USACE - New Orleans,"Lounge, structure, composite water & duration",0,0,0,0,0,26,54,68,83,88,95,97,98,98,99,99,100,100,100,100,100,100,100,100,100,100,100,100,100,NULL
526,COM8,USACE - St. Paul,"Recreation, structure, fresh water",0,0,0,0,5,12,17,20,21,22,22,23,25,27,31,35,39,42,42,42,42,42,42,42,42,42,42,42,42,NULL
527,COM8,USACE - Wilmington,"Bowling Alley, structure",0,0,0,0,24,30,33,35,39,46,55,62,68,72,75,79,81,83,85,87,89,91,93,95,97,99,100,100,100,NULL
528,COM8,USACE - Wilmington,"Private Club, structure",0,0,0,0,6,19,33,44,49,53,57,61,66,70,74,78,83,87,91,95,99,100,100,100,100,100,100,100,100,NULL
529,COM8,USACE - Wilmington,"T.V. Station, structure",0,0,0,0,3,6,9,11,14,17,20,23,27,30,34,37,41,44,47,50,53,56,59,62,65,68,71,74,77,NULL
530,COM8,USACE - Wilmington,"Tavern, structure",0,0,0,0,3,13,46,63,67,68,69,70,72,73,74,75,76,77,78,79,80,81,82,83,84,85,86,87,88,NULL
531,COM8,USACE - Wilmington,"Restaurant, structure",0,0,0,0,8,20,32,43,52,59,66,73,79,83,86,89,93,96,97,98,99,100,100,100,100,100,100,100,100,NULL
532,COM9,USACE - Galveston,"Average theatre, Structure",0,0,0,0,0,2,4,5,5,5,6,8,10,12,15,20,24,29,35,42,49,56,62,68,74,80,86,92,98,NULL
533,COM9,USACE - Galveston,"Private Hall, structure",0,0,0,0,0,1,5,5,5,5,6,8,9,11,14,18,22,28,34,42,50,58,64,70,76,82,88,94,100,NULL
534,COM9,USACE - Galveston,"Indoor Theater, structure",0,0,0,0,0,2,3,4,4,4,5,7,10,13,16,21,25,30,36,41,47,53,60,66,72,78,84,90,96,NULL
535,COM9,USACE - New Orleans,"Movie Theater, structure, salt water, long duration",0,0,0,0,0,46,75,92,99,100,100,100,100,100,100,100,100,100,100,100,100,100,100,100,100,100,100,100,100,NULL
536,COM9,USACE - New Orleans,"Movie Theater, structure, salt water, short duration",0,0,0,0,0,25,50,80,96,98,99,100,100,100,100,100,100,100,100,100,100,100,100,100,100,100,100,100,100,NULL
537,COM9,USACE - New Orleans,"Movie Theater, structure, fresh water, long duration",0,0,0,0,0,41,68,84,92,95,96,98,98,98,98,98,98,98,98,98,98,98,98,98,98,98,98,98,98,NULL
538,COM9,USACE - New Orleans,"Movie Theater, structure, fresh water, short duration",0,0,0,0,0,24,48,77,91,94,94,97,97,97,97,97,97,97,97,97,97,97,97,97,97,97,97,97,97,NULL
539,COM9,USACE - New Orleans,"Movie Theater, structure, composite water & duration",0,0,0,0,0,26,54,68,83,88,95,97,98,98,99,99,100,100,100,100,100,100,100,100,100,100,100,100,100,NULL
540,COM9,USACE - Wilmington,"Organization Hall, structure",0,0,0,0,2,3,6,11,18,23,30,36,43,50,57,63,70,76,82,88,94,100,100,100,100,100,100,100,100,NULL
541,COM9,USACE - Wilmington,"Theater, Structure",0,0,0,0,2,8,16,21,22,23,24,25,25,25,25,26,26,27,27,27,27,27,27,27,27,27,27,27,27,NULL
542,COM9,USACE - Wilmington,"Drive-In Theater, structure",0,0,0,0,1,1,2,3,6,9,13,17,21,24,28,32,35,39,42,45,48,51,54,57,60,63,66,69,72,NULL
543,COM10,USACE - Galveston,"Garage, structure",0,0,0,0,0,3,5,6,7,8,10,13,17,21,25,30,35,41,47,52,58,65,71,76,81,86,91,96,100,NULL
544,COM10,USACE - Wilmington,"Garage, structure",0,0,0,0,3,7,12,17,20,24,28,32,37,41,46,51,55,59,64,68,72,76,80,84,88,92,96,100,100,NULL
545,IND1,USACE - Galveston,"Average heavy industrial, Structure",0,0,0,0,1,10,12,15,19,22,26,30,35,39,42,48,50,51,53,54,55,55,56,56,57,57,57,58,58,NULL
546,IND1,USACE - Galveston,"Boiler Building, structure",0,0,0,0,0,1,1,3,5,8,12,16,21,26,32,38,45,45,45,45,45,45,45,45,45,45,45,45,45,NULL
547,IND1,USACE - Galveston,"Cabinet Shop Mfg, structure",0,0,0,0,0,20,22,24,26,28,30,35,40,43,46,50,50,50,50,50,50,50,50,50,50,50,50,50,50,NULL
548,IND1,USACE - Galveston,"Concrete Mfg, structure",0,0,0,0,0,30,30,30,30,30,30,30,30,30,30,30,30,30,30,30,30,30,30,30,30,30,30,30,30,NULL
549,IND1,USACE - Galveston,"Door Mfg, structure",0,0,0,0,0,14,22,26,29,32,33,34,35,35,35,35,41,43,45,47,49,51,53,53,53,53,53,53,53,NULL
550,IND1,USACE - Galveston,"Fabrication Shop, structure",0,0,0,0,0,2,5,10,15,20,25,30,35,40,50,75,75,75,75,75,75,75,75,75,75,75,75,75,75,NULL
551,IND1,USACE - Galveston,"Heat Exchanger Mfg, structure",0,0,0,0,0,3,4,5,6,7,7,7,7,7,7,8,9,9,10,10,10,11,11,12,12,13,13,14,14,NULL
552,IND1,USACE - Galveston,"Lumber Mill, structure",0,0,0,0,0,3,5,8,10,13,15,18,20,23,25,28,30,33,35,38,40,43,45,48,50,53,55,58,60,NULL
553,IND1,USACE - Galveston,"Heavy Machine Shop, structure",0,0,0,0,0,1,1,1,3,5,8,12,16,21,26,32,38,40,40,40,40,40,40,40,40,40,40,40,40,NULL
554,IND1,USACE - Galveston,"Metal Coatings Services, structure",0,0,0,0,0,18,25,25,25,25,25,25,25,25,25,26,27,27,28,28,28,29,29,29,30,30,30,30,30,NULL
555,IND1,USACE - Galveston,"Pipe Threader Facility, structure",0,0,0,0,0,1,5,10,10,10,20,30,50,50,50,75,75,75,90,90,90,90,90,90,90,90,90,90,90,NULL
556,IND1,USACE - Galveston,"Metal Recycling, structure",0,0,0,0,0,5,10,20,40,50,60,70,80,100,100,100,100,100,100,100,100,100,100,100,100,100,100,100,100,NULL
557,IND1,USACE - Galveston,"Research Lab-Machine, structure",0,0,0,0,0,12,14,17,19,23,27,31,35,40,45,50,55,60,60,70,70,70,70,70,70,70,70,70,70,NULL
558,IND1,USACE - Galveston,"Welding-Machine, structure",0,0,0,0,17,17,17,17,23,32,45,55,61,66,69,73,76,78,80,82,85,86,87,89,90,91,92,93,94,NULL
559,IND2,USACE - Galveston,"Average light industrial, structure",0,0,0,0,1,9,14,17,22,26,30,32,35,37,39,43,46,48,50,51,54,55,57,59,60,62,63,65,66,NULL
560,IND2,USACE - Galveston,"Battery Mfg, structure",0,0,0,0,0,3,3,3,4,5,8,10,17,23,31,40,48,48,52,52,55,55,55,55,55,55,55,55,55,NULL
561,IND2,USACE - Galveston,"Cooling Tower, structure",0,0,0,0,0,10,20,20,50,50,60,60,75,75,80,80,80,80,80,80,80,80,80,80,80,80,80,80,80,NULL
562,IND2,USACE - Galveston,"Electronic Equip Mfg, structure",0,0,0,0,0,13,20,24,27,28,30,30,30,30,30,32,33,34,34,35,36,36,37,38,39,40,41,42,43,NULL
563,IND2,USACE - Galveston,"Frame Shop, structure",0,0,0,0,0,20,22,24,26,28,30,35,40,43,46,50,50,50,50,50,50,50,50,50,50,50,50,50,50,NULL
564,IND2,USACE - Galveston,"Furniture Mfg, structure",0,0,0,0,0,0,20,24,28,32,38,42,46,48,50,50,50,50,50,50,50,50,50,50,50,50,50,50,50,NULL
565,IND2,USACE - Galveston,"Instrument Mfg, structure",0,0,0,0,0,5,8,12,14,16,17,19,20,20,20,24,26,28,29,31,33,34,36,38,40,42,44,46,48,NULL
566,IND2,USACE - Galveston,"Leather Goods Mfg, structure",0,0,0,0,0,7,12,16,20,23,26,27,29,30,25,30,31,33,35,36,38,40,41,43,45,47,49,51,53,NULL
567,IND2,USACE - Galveston,"Industrial Loading Dock, structure",0,0,0,0,0,1,1,1,3,3,5,8,12,16,21,26,32,38,45,51,58,65,73,80,87,94,100,100,100,NULL
568,IND2,USACE - Galveston,"Locker Bldg, structure",0,0,0,0,0,25,25,25,25,30,30,30,30,30,35,35,35,35,35,35,40,40,40,40,40,40,40,40,40,NULL
569,IND2,USACE - Galveston,"Maint Bldg-Mfg Facility, structure",0,0,0,0,0,5,10,20,30,50,70,70,70,70,70,70,80,80,80,80,80,80,80,80,80,80,80,80,80,NULL
570,IND2,USACE - Galveston,"Newspaper Print Plant, structure",0,0,0,0,0,2,3,4,5,6,7,8,8,9,11,14,19,24,31,40,50,60,67,73,79,84,89,94,99,NULL
571,IND2,USACE - Galveston,"Newspaper Sales Office, structure",0,0,0,0,10,15,18,24,25,25,26,27,28,31,33,36,40,43,47,52,56,60,65,70,75,80,85,90,95,NULL
572,IND2,USACE - Galveston,"Office-Manuf Facility, structure",0,0,0,0,0,2,10,15,28,32,39,43,44,45,51,58,62,65,65,65,65,65,65,65,65,65,65,65,65,NULL
573,IND2,USACE - Galveston,"Commercial Printing, structure",0,0,0,0,0,20,23,26,29,32,35,39,42,45,47,50,60,60,60,60,60,60,60,60,60,60,60,60,60,NULL
574,IND2,USACE - Wilmington,"Newspaper, structure",0,0,0,0,2,7,12,19,25,30,36,41,46,51,56,61,66,71,76,81,86,91,96,100,100,100,100,100,100,NULL
575,IND3,USACE - Galveston,"Average Food/Drug/Chem, Structure",0,0,0,0,0,13,14,19,22,25,28,30,33,34,36,39,40,42,42,43,43,44,44,44,44,44,45,45,45,NULL
576,IND3,USACE - Galveston,"Chemical Plant, structure",0,0,0,0,0,15,15,17,20,25,30,35,40,40,40,40,40,40,40,40,40,40,40,40,40,40,40,40,40,NULL
577,IND3,USACE - Galveston,"Chemical Plant Bonding, structure",0,0,0,0,0,65,65,100,100,100,100,100,100,100,100,100,100,100,100,100,100,100,100,100,100,100,100,100,100,NULL
578,IND3,USACE - Galveston,"Chemical refinery, structure",0,0,0,0,0,9,9,9,9,10,11,12,13,13,13,13,13,13,13,13,13,13,13,13,13,13,13,13,13,NULL
579,IND3,USACE - Galveston,"Feed Mill, structure",0,0,0,0,0,0,0,0,20,23,27,30,33,37,40,43,47,50,53,57,60,60,60,60,60,60,60,60,60,NULL
580,IND3,USACE - Galveston,"Food Processor, structure",0,0,0,0,0,6,6,6,6,10,14,18,20,20,20,20,20,20,20,20,20,20,20,20,20,20,20,20,20,NULL
581,IND3,USACE - Galveston,"Chemical Laboratory, structure",0,0,0,0,1,1,3,5,8,12,16,21,26,32,38,45,45,45,45,45,45,45,45,45,45,45,45,45,45,NULL
582,IND3,USACE - Galveston,"Detergent Manuf. Facility, structure",0,0,0,0,0,1,1,3,5,8,12,16,21,26,32,38,45,50,50,50,50,50,50,50,50,50,50,50,50,NULL
583,IND3,USACE - Galveston,"Meat Packing, structure",0,0,0,0,0,20,23,26,29,32,35,38,41,44,47,50,55,56,57,58,60,60,60,60,60,60,60,60,60,NULL
584,IND3,USACE - Galveston,"Oil Storage Tanks, structure",0,0,0,0,0,2,2,2,2,2,2,2,2,2,2,2,2,2,2,2,2,2,2,2,2,2,2,2,2,NULL
585,IND3,USACE - Galveston,"Plastic Mfg, structure",0,0,0,0,0,12,18,23,24,27,28,29,30,30,30,35,37,39,40,42,44,46,48,49,51,53,55,57,59,NULL
586,IND4,USACE - Galveston,"Average Metals/Minerals processing, structure",0,0,0,0,0,10,14,18,22,26,34,41,42,42,45,47,49,50,50,50,50,50,50,50,50,50,50,50,50,NULL
587,IND4,USACE - Galveston,"Foundry, structure",0,0,0,0,0,5,10,20,30,30,50,70,70,70,75,75,80,80,80,80,80,80,80,80,80,80,80,80,80,NULL
588,IND4,USACE - Galveston,"Refinery-Lead, structure",0,0,0,0,0,2,10,15,20,32,39,43,44,45,51,58,62,65,65,65,65,65,65,65,65,65,65,65,65,NULL
589,IND4,USACE - Galveston,"Sand & Gravel, structure",0,0,0,0,0,2,4,6,8,10,11,12,13,14,15,15,15,15,15,15,15,15,15,15,15,15,15,15,15,NULL
590,IND4,USACE - Galveston,"Sheet Metal, structure",0,0,0,0,0,30,30,30,30,33,36,39,40,40,40,40,40,40,40,40,40,40,40,40,40,40,40,40,40,NULL
591,IND5,USACE - Galveston,"Average High Technology, structure",0,0,0,0,0,13,14,19,22,25,28,30,33,34,36,39,40,42,42,43,43,44,44,44,44,44,45,45,45,IND3 Default
592,IND6,USACE - Galveston,"Average Construction, structure",0,0,0,0,0,22,31,37,43,47,50,54,57,61,63,64,65,67,68,69,70,71,72,73,74,75,76,76,77,NULL
593,IND6,USACE - Galveston,"Carpet Tile Flooring, structure",0,0,0,0,0,2,3,4,4,5,7,9,13,18,22,29,35,42,50,57,63,68,73,77,81,84,87,89,91,NULL
594,IND6,USACE - Galveston,"Construction Co, structure",0,0,0,0,0,0,20,30,40,50,60,70,80,90,100,100,100,100,100,100,100,100,100,100,100,100,100,100,100,NULL
595,IND6,USACE - Galveston,"Contractor Roofing, structure",0,0,0,0,0,14,21,25,27,28,30,30,30,30,30,32,34,35,36,37,38,39,40,41,42,43,44,45,46,NULL
596,IND6,USACE - Galveston,"Contractor-Electric, structure",0,0,0,0,0,0,20,25,30,35,40,45,50,60,60,60,60,60,60,60,60,60,60,60,60,60,60,60,60,NULL
597,IND6,USACE - Galveston,"Pier Drilling Co, structure",0,0,0,0,0,35,35,35,35,41,47,53,60,60,60,60,60,60,60,60,60,60,60,60,60,60,60,60,60,NULL
598,IND6,USACE - Galveston,"Plumbing Co, structure",0,0,0,0,0,20,32,40,47,53,57,61,64,67,70,72,74,77,78,80,82,84,85,87,89,91,93,95,97,NULL
599,IND6,USACE - Galveston,"Sandblasting Co, structure",0,0,0,0,0,100,100,100,100,100,100,100,100,100,100,100,100,100,100,100,100,100,100,100,100,100,100,100,100,NULL
600,IND6,USACE - Galveston,"Water Well Service, structure",0,0,0,0,0,5,20,40,60,60,60,60,60,60,60,60,60,60,60,60,60,60,60,60,60,60,60,60,60,NULL
601,IND6,USACE - New Orleans,"Carpeting Service, structure, salt water, long duration",0,0,0,0,0,22,29,34,43,51,59,67,75,80,80,80,80,80,80,80,80,80,80,80,80,80,80,80,80,NULL
602,IND6,USACE - New Orleans,"Carpeting Service, structure, salt water, short duration",0,0,0,0,0,13,21,28,33,41,49,56,64,71,76,76,76,76,76,76,76,76,76,76,76,76,76,76,76,NULL
603,IND6,USACE - New Orleans,"Carpeting Service, structure, fresh water, long duration",0,0,0,0,0,20,27,31,39,46,53,61,68,73,73,73,73,73,73,73,73,73,73,73,73,73,73,73,73,NULL
604,IND6,USACE - New Orleans,"Carpeting Service, structure, fresh water, short duration",0,0,0,0,0,12,20,27,31,39,46,53,61,68,73,73,73,73,73,73,73,73,73,73,73,73,73,73,73,NULL
605,IND6,USACE - New Orleans,"Carpeting Service, structure, composite water & duration",0,0,0,0,0,28,45,55,62,72,78,82,87,90,93,95,96,96,96,96,96,96,96,96,96,96,96,96,96,NULL
606,IND6,USACE - New Orleans,"Heating & Air Conditioning Service, structure, salt water, long duration",0,0,0,0,0,22,29,34,43,51,59,67,75,80,80,80,80,80,80,80,80,80,80,80,80,80,80,80,80,NULL
607,IND6,USACE - New Orleans,"Heating & Air Conditioning Service, structure, salt water, short duration",0,0,0,0,0,13,21,28,33,41,49,56,64,71,76,76,76,76,76,76,76,76,76,76,76,76,76,76,76,NULL
608,IND6,USACE - New Orleans,"Heating & Air Conditioning Service, structure, fresh water, long duration",0,0,0,0,0,20,27,31,39,46,53,61,68,73,73,73,73,73,73,73,73,73,73,73,73,73,73,73,73,NULL
609,IND6,USACE - New Orleans,"Heating & Air Conditioning Service, structure, fresh water, short duration",0,0,0,0,0,12,20,27,31,39,46,53,61,68,73,73,73,73,73,73,73,73,73,73,73,73,73,73,73,NULL
610,IND6,USACE - New Orleans,"Heating & Air Conditioning Service, structure, composite water & duration",0,0,0,0,0,28,45,55,62,72,78,82,87,90,93,95,96,96,96,96,96,96,96,96,96,96,96,96,96,NULL
611,IND6,USACE - New Orleans,"Plumbing Services, structure, salt water, long duration",0,0,0,0,0,22,29,34,43,51,59,67,75,80,80,80,80,80,80,80,80,80,80,80,80,80,80,80,80,NULL
612,IND6,USACE - New Orleans,"Plumbing Services, structure, salt water, short duration",0,0,0,0,0,13,21,28,33,41,49,56,64,71,76,76,76,76,76,76,76,76,76,76,76,76,76,76,76,NULL
613,IND6,USACE - New Orleans,"Plumbing Services, structure, fresh water, long duration",0,0,0,0,0,20,27,31,39,46,53,61,68,73,73,73,73,73,73,73,73,73,73,73,73,73,73,73,73,NULL
614,IND6,USACE - New Orleans,"Plumbing Services, structure, fresh water, short duration",0,0,0,0,0,12,20,27,31,39,46,53,61,68,73,73,73,73,73,73,73,73,73,73,73,73,73,73,73,NULL
615,IND6,USACE - New Orleans,"Plumbing Services, structure, composite water & duration",0,0,0,0,0,28,45,55,62,72,78,82,87,90,93,95,96,96,96,96,96,96,96,96,96,96,96,96,96,NULL
616,AGR1,USACE - Galveston,"Average Agriculture, structure",0,0,0,0,0,6,11,15,19,25,30,35,41,46,51,57,63,70,75,79,82,84,87,89,90,92,93,95,96,NULL
617,AGR1,USACE - Galveston,"Horse Stalls, structure",0,0,0,0,0,10,19,26,32,40,48,56,64,71,78,85,91,97,100,100,100,100,100,100,100,100,100,100,100,NULL
618,AGR1,USACE - Galveston,"Veterinary Clinic, structure",0,0,0,0,0,1,3,4,6,9,11,14,17,20,24,29,35,42,50,57,63,68,73,77,80,83,86,89,92,NULL
619,AGR1,USACE - New Orleans,"Veterinary Office, structure, salt water, long duration",0,0,0,0,0,43,64,100,100,100,100,100,100,100,100,100,100,100,100,100,100,100,100,100,100,100,100,100,100,NULL
620,AGR1,USACE - New Orleans,"Veterinary Office, structure, salt water, short duration",0,0,0,0,0,19,39,75,92,94,100,100,100,100,100,100,100,100,100,100,100,100,100,100,100,100,100,100,100,NULL
621,AGR1,USACE - New Orleans,"Veterinary Office, structure, fresh water, long duration",0,0,0,0,0,28,42,66,81,83,91,92,92,92,92,92,92,92,92,92,92,92,92,92,92,92,92,92,92,NULL
622,AGR1,USACE - New Orleans,"Veterinary Office, structure, fresh water, short duration",0,0,0,0,0,16,34,65,80,82,90,92,92,92,92,92,92,92,92,92,92,92,92,92,92,92,92,92,92,NULL
623,AGR1,USACE - New Orleans,"Veterinary Office, structure, composite water & duration",0,0,0,0,0,31,52,65,73,79,82,84,86,88,89,91,92,94,96,98,100,100,100,100,100,100,100,100,100,NULL
624,REL1,USACE - Galveston,"Church, structure",0,0,0,0,0,10,11,11,12,12,13,14,14,15,17,19,24,30,38,45,52,58,64,69,74,78,82,85,88,NULL
625,REL1,USACE - New Orleans,"Civic Association, structure, salt water, long duration",0,0,0,0,0,85,87,100,100,100,100,100,100,100,100,100,100,100,100,100,100,100,100,100,100,100,100,100,100,NULL
626,REL1,USACE - New Orleans,"Civic Association, structure, salt water, short duration",0,0,0,0,0,72,72,100,100,100,100,100,100,100,100,100,100,100,100,100,100,100,100,100,100,100,100,100,100,NULL
627,REL1,USACE - New Orleans,"Civic Association, structure, fresh water, long duration",0,0,0,0,0,75,76,97,100,100,100,100,100,100,100,100,100,100,100,100,100,100,100,100,100,100,100,100,100,NULL
628,REL1,USACE - New Orleans,"Civic Association, structure, fresh water, short duration",0,0,0,0,0,65,65,90,100,100,100,100,100,100,100,100,100,100,100,100,100,100,100,100,100,100,100,100,100,NULL
629,REL1,USACE - New Orleans,"Civic Association, structure, composite water & duration",0,0,0,0,0,25,55,69,79,84,85,85,85,85,90,90,90,92,93,94,95,96,97,98,99,100,100,100,100,NULL
630,REL1,USACE - Wilmington,"Church, structure",0,0,0,0,12,17,19,22,25,28,32,37,43,48,53,58,63,68,73,78,83,88,93,98,100,100,100,100,100,NULL
631,GOV1,USACE - Galveston,"Average government services, structure",0,0,0,0,0,5,8,13,14,14,15,17,19,22,26,31,37,44,51,59,65,70,74,79,83,87,91,95,98,NULL
632,GOV1,USACE - Galveston,"City Hall, structure",0,0,0,0,0,1,1,1,2,2,3,4,6,8,12,17,23,31,40,50,58,64,70,75,80,84,88,92,95,NULL
633,GOV1,USACE - Galveston,"Post Office, structure",0,0,0,0,0,8,15,24,25,26,27,29,32,36,40,45,50,56,62,67,71,75,78,82,86,90,94,98,100,NULL
634,GOV1,USACE - New Orleans,"Government facility, structure, salt water, long duration",0,0,0,0,0,85,87,100,100,100,100,100,100,100,100,100,100,100,100,100,100,100,100,100,100,100,100,100,100,NULL
635,GOV1,USACE - New Orleans,"Government facility, structure, salt water, short duration",0,0,0,0,0,72,72,100,100,100,100,100,100,100,100,100,100,100,100,100,100,100,100,100,100,100,100,100,100,NULL
636,GOV1,USACE - New Orleans,"Government facility, structure, fresh water, long duration",0,0,0,0,0,75,76,97,100,100,100,100,100,100,100,100,100,100,100,100,100,100,100,100,100,100,100,100,100,NULL
637,GOV1,USACE - New Orleans,"Government facility, structure, fresh water, short duration",0,0,0,0,0,65,65,90,100,100,100,100,100,100,100,100,100,100,100,100,100,100,100,100,100,100,100,100,100,NULL
638,GOV1,USACE - New Orleans,"Government facility, structure, composite water & duration",0,0,0,0,0,25,55,69,79,84,85,85,85,85,90,90,90,92,93,94,95,96,97,98,99,100,100,100,100,NULL
639,GOV1,USACE - Wilmington,"Post Office, structure",0,0,0,0,5,8,10,10,11,13,14,15,16,17,18,20,21,22,24,25,26,27,28,29,30,31,32,33,34,NULL
640,GOV2,USACE - Galveston,"Average emergency response, Structure",0,0,0,0,0,7,10,11,12,15,17,20,23,27,31,35,40,44,48,52,56,60,64,68,72,76,80,84,88,NULL
641,GOV2,USACE - Galveston,"Fire Station, structure",0,0,0,0,0,1,5,5,5,6,7,9,11,14,17,20,24,28,32,36,41,45,51,56,61,66,71,76,81,NULL
642,GOV2,USACE - Galveston,"Police Station, structure",0,0,0,0,0,12,14,17,19,23,27,31,35,40,45,50,55,59,63,67,71,74,77,80,83,86,89,92,95,NULL
643,EDU1,USACE - Galveston,"Average school, structure",0,0,0,0,0,5,7,9,9,10,11,13,15,17,20,24,28,33,39,45,52,59,64,69,74,79,84,89,94,NULL
644,EDU1,USACE - Galveston,"Commercial School, structure",0,0,0,0,0,8,12,15,15,16,17,19,22,25,28,32,36,40,45,49,54,59,64,69,74,79,84,89,94,NULL
645,EDU1,USACE - Galveston,"Library, structure",0,0,0,0,0,1,2,2,2,3,4,6,8,9,12,15,20,25,32,40,50,58,64,69,74,79,84,89,94,NULL
646,EDU1,USACE - Wilmington,"School, Structure",0,0,0,0,4,22,29,34,39,44,48,53,57,62,66,70,75,79,83,87,91,95,99,100,100,100,100,100,100,NULL
647,EDU1,USACE - New Orleans,"Elementary school, structure, salt water, long duration",0,0,0,0,0,85,87,100,100,100,100,100,100,100,100,100,100,100,100,100,100,100,100,100,100,100,100,100,100,NULL
648,EDU1,USACE - New Orleans,"Elementary school, structure, salt water, short duration",0,0,0,0,0,72,72,100,100,100,100,100,100,100,100,100,100,100,100,100,100,100,100,100,100,100,100,100,100,NULL
649,EDU1,USACE - New Orleans,"Elementary school, structure, fresh water, long duration",0,0,0,0,0,75,76,97,100,100,100,100,100,100,100,100,100,100,100,100,100,100,100,100,100,100,100,100,100,NULL
650,EDU1,USACE - New Orleans,"Elementary school, structure, fresh water, short duration",0,0,0,0,0,65,65,90,100,100,100,100,100,100,100,100,100,100,100,100,100,100,100,100,100,100,100,100,100,NULL
651,EDU1,USACE - New Orleans,"Elementary school, structure, composite water & duration",0,0,0,0,0,25,55,69,79,84,85,85,85,85,90,90,90,92,93,94,95,96,97,98,99,100,100,100,100,NULL
652,EDU2,USACE - Galveston,"Average college/university, structure",0,0,0,0,0,5,7,9,9,10,11,13,15,17,20,24,28,33,39,45,52,59,64,69,74,79,84,89,94,EDU1 default
653,EDU2,USACE - New Orleans,"College, structure, salt water, long duration",0,0,0,0,0,85,87,100,100,100,100,100,100,100,100,100,100,100,100,100,100,100,100,100,100,100,100,100,100,NULL
654,EDU2,USACE - New Orleans,"College, structure, salt water, short duration",0,0,0,0,0,72,72,100,100,100,100,100,100,100,100,100,100,100,100,100,100,100,100,100,100,100,100,100,100,NULL
655,EDU2,USACE - New Orleans,"College, structure, fresh water, long duration",0,0,0,0,0,75,76,97,100,100,100,100,100,100,100,100,100,100,100,100,100,100,100,100,100,100,100,100,100,NULL
656,EDU2,USACE - New Orleans,"College, structure, fresh water, short duration",0,0,0,0,0,65,65,90,100,100,100,100,100,100,100,100,100,100,100,100,100,100,100,100,100,100,100,100,100,NULL
657,EDU2,USACE - New Orleans,"College, structure, composite water & duration",0,0,0,0,0,25,55,69,79,84,85,85,85,85,90,90,90,92,93,94,95,96,97,98,99,100,100,100,100,NULL
658,RES1,BCAR - Jan 2011,"all floors, slab - no basement, Coastal A or V Zone",0,0,0,0,12,25,50,75,100,100,100,100,100,100,100,100,100,100,100,100,100,100,100,100,100,100,100,100,100,RAMPP Inserted
659,RES3A,BCAR - Jan 2011,"1to2 Stories, slab - no basement, Coastal A or V Zone",0,0,0,0,12,25,50,75,100,100,100,100,100,100,100,100,100,100,100,100,100,100,100,100,100,100,100,100,100,RAMPP Inserted
660,RES3B,BCAR - Jan 2011,"1to2 Stories, slab - no basement, Coastal A or V Zone",0,0,0,0,12,25,50,75,100,100,100,100,100,100,100,100,100,100,100,100,100,100,100,100,100,100,100,100,100,RAMPP Inserted
661,RES1,BCAR - Jan 2011,"all floors, Wall 2ft - no basement, Coastal A or V Zone",0,0,2,10,35,75,100,100,100,100,100,100,100,100,100,100,100,100,100,100,100,100,100,100,100,100,100,100,100,RAMPP Inserted
662,RES3A,BCAR - Jan 2011,"1to2 Stories, Wall 2ft - no basement, Coastal A or V Zone",0,0,2,10,35,75,100,100,100,100,100,100,100,100,100,100,100,100,100,100,100,100,100,100,100,100,100,100,100,RAMPP Inserted
663,RES3B,BCAR - Jan 2011,"1to2 Stories, Wall 2ft - no basement, Coastal A or V Zone",0,0,2,10,35,75,100,100,100,100,100,100,100,100,100,100,100,100,100,100,100,100,100,100,100,100,100,100,100,RAMPP Inserted
664,RES1,BCAR - Jan 2011,"all floors, Wall 3ft - no basement, Coastal A or V Zone",0,0,2,30,75,100,100,100,100,100,100,100,100,100,100,100,100,100,100,100,100,100,100,100,100,100,100,100,100,RAMPP Inserted
665,RES3A,BCAR - Jan 2011,"1to2 Stories, Wall 3ft - no basement, Coastal A or V Zone",0,0,2,30,75,100,100,100,100,100,100,100,100,100,100,100,100,100,100,100,100,100,100,100,100,100,100,100,100,RAMPP Inserted
666,RES3B,BCAR - Jan 2011,"1to2 Stories, Wall 3ft - no basement, Coastal A or V Zone",0,0,2,30,75,100,100,100,100,100,100,100,100,100,100,100,100,100,100,100,100,100,100,100,100,100,100,100,100,RAMPP Inserted
667,RES2,BCAR - Jan 2011,"Manufactured Home (Mobile), Structure, Coastal A or V Zone",0,0,15,75,100,100,100,100,100,100,100,100,100,100,100,100,100,100,100,100,100,100,100,100,100,100,100,100,100,RAMPP Inserted
668,RES1,BCAR - Jan 2011,"all floors, Elevated (Open)+2ft - no basement, Coastal A or V Zone",0,0,0,20,50,90,100,100,100,100,100,100,100,100,100,100,100,100,100,100,100,100,100,100,100,100,100,100,100,RAMPP Inserted
669,RES3A,BCAR - Jan 2011,"1to2 Stories, Elevated (Open)+2ft - no basement, Coastal A or V Zone",0,0,0,20,50,90,100,100,100,100,100,100,100,100,100,100,100,100,100,100,100,100,100,100,100,100,100,100,100,RAMPP Inserted
670,RES3B,BCAR - Jan 2011,"1to2 Stories, Elevated (Open)+2ft - no basement, Coastal A or V Zone",0,0,0,20,50,90,100,100,100,100,100,100,100,100,100,100,100,100,100,100,100,100,100,100,100,100,100,100,100,RAMPP Inserted
671,RES1,BCAR - Jan 2011,"all floors, Elevated (Open)+4ft - no basement, Coastal A or V Zone",0,5,8,45,75,100,100,100,100,100,100,100,100,100,100,100,100,100,100,100,100,100,100,100,100,100,100,100,100,RAMPP Inserted
672,RES3A,BCAR - Jan 2011,"1to2 Stories, Elevated (Open)+4ft - no basement, Coastal A or V Zone",0,5,8,45,75,100,100,100,100,100,100,100,100,100,100,100,100,100,100,100,100,100,100,100,100,100,100,100,100,RAMPP Inserted
673,RES3B,BCAR - Jan 2011,"1to2 Stories, Elevated (Open)+4ft - no basement, Coastal A or V Zone",0,5,8,45,75,100,100,100,100,100,100,100,100,100,100,100,100,100,100,100,100,100,100,100,100,100,100,100,100,RAMPP Inserted
674,RES1,BCAR - Jan 2011,"all floors, Elevated (Open)+6ft - no basement, Coastal A or V Zone",5,14,50,90,100,100,100,100,100,100,100,100,100,100,100,100,100,100,100,100,100,100,100,100,100,100,100,100,100,RAMPP Inserted
675,RES3A,BCAR - Jan 2011,"1to2 Stories, Elevated (Open)+6ft - no basement, Coastal A or V Zone",5,14,50,90,100,100,100,100,100,100,100,100,100,100,100,100,100,100,100,100,100,100,100,100,100,100,100,100,100,RAMPP Inserted
676,RES3B,BCAR - Jan 2011,"1to2 Stories, Elevated (Open)+6ft - no basement, Coastal A or V Zone",5,14,50,90,100,100,100,100,100,100,100,100,100,100,100,100,100,100,100,100,100,100,100,100,100,100,100,100,100,RAMPP Inserted
677,RES1,BCAR - Jan 2011,"all floors, Elevated (Open)+8ft - no basement, Coastal A or V Zone",8,40,75,100,100,100,100,100,100,100,100,100,100,100,100,100,100,100,100,100,100,100,100,100,100,100,100,100,100,RAMPP Inserted
678,RES3A,BCAR - Jan 2011,"1to2 Stories, Elevated (Open)+8ft - no basement, Coastal A or V Zone",8,40,75,100,100,100,100,100,100,100,100,100,100,100,100,100,100,100,100,100,100,100,100,100,100,100,100,100,100,RAMPP Inserted
679,RES3B,BCAR - Jan 2011,"1to2 Stories, Elevated (Open)+8ft - no basement, Coastal A or V Zone",8,40,75,100,100,100,100,100,100,100,100,100,100,100,100,100,100,100,100,100,100,100,100,100,100,100,100,100,100,RAMPP Inserted
680,RES1,BCAR - Jan 2011,"all floors, Elevated (Open)+10ft - no basement, Coastal A or V Zone",35,75,100,100,100,100,100,100,100,100,100,100,100,100,100,100,100,100,100,100,100,100,100,100,100,100,100,100,100,RAMPP Inserted
681,RES3A,BCAR - Jan 2011,"1to2 Stories, Elevated (Open)+10ft - no basement, Coastal A or V Zone",35,75,100,100,100,100,100,100,100,100,100,100,100,100,100,100,100,100,100,100,100,100,100,100,100,100,100,100,100,RAMPP Inserted
682,RES3B,BCAR - Jan 2011,"1to2 Stories, Elevated (Open)+10ft - no basement, Coastal A or V Zone",35,75,100,100,100,100,100,100,100,100,100,100,100,100,100,100,100,100,100,100,100,100,100,100,100,100,100,100,100,RAMPP Inserted
683,RES1,BCAR - Jan 2011,"all floors, Elevated (Open)+12ft - no basement, Coastal A or V Zone",65,100,100,100,100,100,100,100,100,100,100,100,100,100,100,100,100,100,100,100,100,100,100,100,100,100,100,100,100,RAMPP Inserted
684,RES3A,BCAR - Jan 2011,"1to2 Stories, Elevated (Open)+12ft - no basement, Coastal A or V Zone",65,100,100,100,100,100,100,100,100,100,100,100,100,100,100,100,100,100,100,100,100,100,100,100,100,100,100,100,100,RAMPP Inserted
685,RES3B,BCAR - Jan 2011,"1to2 Stories, Elevated (Open)+12ft - no basement, Coastal A or V Zone",65,100,100,100,100,100,100,100,100,100,100,100,100,100,100,100,100,100,100,100,100,100,100,100,100,100,100,100,100,RAMPP Inserted
686,RES1,BCAR - Jan 2011,"all floors, Elevated (Obstr)+2ft - no basement, Coastal A or V Zone",1,22,53,93,100,100,100,100,100,100,100,100,100,100,100,100,100,100,100,100,100,100,100,100,100,100,100,100,100,RAMPP Inserted
687,RES3A,BCAR - Jan 2011,"1to2 Stories, Elevated (Obstr)+2ft - no basement, Coastal A or V Zone",1,22,53,93,100,100,100,100,100,100,100,100,100,100,100,100,100,100,100,100,100,100,100,100,100,100,100,100,100,RAMPP Inserted
688,RES3B,BCAR - Jan 2011,"1to2 Stories, Elevated (Obstr)+2ft - no basement, Coastal A or V Zone",1,22,53,93,100,100,100,100,100,100,100,100,100,100,100,100,100,100,100,100,100,100,100,100,100,100,100,100,100,RAMPP Inserted
689,RES1,BCAR - Jan 2011,"all floors, Elevated (Obstr)+4ft - no basement, Coastal A or V Zone",1,7,11,48,78,100,100,100,100,100,100,100,100,100,100,100,100,100,100,100,100,100,100,100,100,100,100,100,100,RAMPP Inserted
690,RES3A,BCAR - Jan 2011,"1to2 Stories, Elevated (Obstr)+4ft - no basement, Coastal A or V Zone",1,7,11,48,78,100,100,100,100,100,100,100,100,100,100,100,100,100,100,100,100,100,100,100,100,100,100,100,100,RAMPP Inserted
691,RES3B,BCAR - Jan 2011,"1to2 Stories, Elevated (Obstr)+4ft - no basement, Coastal A or V Zone",1,7,11,48,78,100,100,100,100,100,100,100,100,100,100,100,100,100,100,100,100,100,100,100,100,100,100,100,100,RAMPP Inserted
692,RES1,BCAR - Jan 2011,"all floors, Elevated (Obstr)+6ft - no basement, Coastal A or V Zone",8,17,53,93,100,100,100,100,100,100,100,100,100,100,100,100,100,100,100,100,100,100,100,100,100,100,100,100,100,RAMPP Inserted
693,RES3A,BCAR - Jan 2011,"1to2 Stories, Elevated (Obstr)+6ft - no basement, Coastal A or V Zone",8,17,53,93,100,100,100,100,100,100,100,100,100,100,100,100,100,100,100,100,100,100,100,100,100,100,100,100,100,RAMPP Inserted
694,RES3B,BCAR - Jan 2011,"1to2 Stories, Elevated (Obstr)+6ft - no basement, Coastal A or V Zone",8,17,53,93,100,100,100,100,100,100,100,100,100,100,100,100,100,100,100,100,100,100,100,100,100,100,100,100,100,RAMPP Inserted
695,RES1,BCAR - Jan 2011,"all floors, Elevated (Obstr)+8ft - no basement, Coastal A or V Zone",11,43,78,100,100,100,100,100,100,100,100,100,100,100,100,100,100,100,100,100,100,100,100,100,100,100,100,100,100,RAMPP Inserted
696,RES3A,BCAR - Jan 2011,"1to2 Stories, Elevated (Obstr)+8ft - no basement, Coastal A or V Zone",11,43,78,100,100,100,100,100,100,100,100,100,100,100,100,100,100,100,100,100,100,100,100,100,100,100,100,100,100,RAMPP Inserted
697,RES3B,BCAR - Jan 2011,"1to2 Stories, Elevated (Obstr)+8ft - no basement, Coastal A or V Zone",11,43,78,100,100,100,100,100,100,100,100,100,100,100,100,100,100,100,100,100,100,100,100,100,100,100,100,100,100,RAMPP Inserted
698,RES1,BCAR - Jan 2011,"all floors, Elevated (Obstr)+10ft - no basement, Coastal A or V Zone",38,78,100,100,100,100,100,100,100,100,100,100,100,100,100,100,100,100,100,100,100,100,100,100,100,100,100,100,100,RAMPP Inserted
699,RES3A,BCAR - Jan 2011,"1to2 Stories, Elevated (Obstr)+10ft - no basement, Coastal A or V Zone",38,78,100,100,100,100,100,100,100,100,100,100,100,100,100,100,100,100,100,100,100,100,100,100,100,100,100,100,100,RAMPP Inserted
700,RES3B,BCAR - Jan 2011,"1to2 Stories, Elevated (Obstr)+10ft - no basement, Coastal A or V Zone",38,78,100,100,100,100,100,100,100,100,100,100,100,100,100,100,100,100,100,100,100,100,100,100,100,100,100,100,100,RAMPP Inserted
701,RES1,BCAR - Jan 2011,"all floors, Elevated (Obstr)+12ft - no basement, Coastal A or V Zone",68,100,100,100,100,100,100,100,100,100,100,100,100,100,100,100,100,100,100,100,100,100,100,100,100,100,100,100,100,RAMPP Inserted
702,RES3A,BCAR - Jan 2011,"1to2 Stories, Elevated (Obstr)+12ft - no basement, Coastal A or V Zone",68,100,100,100,100,100,100,100,100,100,100,100,100,100,100,100,100,100,100,100,100,100,100,100,100,100,100,100,100,RAMPP Inserted
703,RES3B,BCAR - Jan 2011,"1to2 Stories, Elevated (Obstr)+12ft - no basement, Coastal A or V Zone",68,100,100,100,100,100,100,100,100,100,100,100,100,100,100,100,100,100,100,100,100,100,100,100,100,100,100,100,100,RAMPP Inserted
704,RES1,BCAR - Jan 2011,"one story, w/ basement, Structure  (B14)",0,0,14,19,26,32,39,46,52,59,65,70,74,78,80,81,81,81,81,81,81,81,81,81,81,81,81,81,81,RAMPP Inserted
